-- phpMyAdmin SQL Dump
-- version 4.0.10.18
-- https://www.phpmyadmin.net
--
-- Host: localhost:3306
-- Generation Time: Apr 30, 2018 at 11:38 AM
-- Server version: 5.6.39-cll-lve
-- PHP Version: 5.6.30

SET SQL_MODE = "NO_AUTO_VALUE_ON_ZERO";
SET time_zone = "+00:00";


/*!40101 SET @OLD_CHARACTER_SET_CLIENT=@@CHARACTER_SET_CLIENT */;
/*!40101 SET @OLD_CHARACTER_SET_RESULTS=@@CHARACTER_SET_RESULTS */;
/*!40101 SET @OLD_COLLATION_CONNECTION=@@COLLATION_CONNECTION */;
/*!40101 SET NAMES utf8 */;

--
-- Database: `learneron_db`
--

-- --------------------------------------------------------

--
-- Table structure for table `learn_admins`
--

CREATE TABLE IF NOT EXISTS `learn_admins` (
  `id` int(11) NOT NULL AUTO_INCREMENT,
  `first_name` varchar(30) NOT NULL COMMENT 'first name',
  `last_name` varchar(30) NOT NULL COMMENT 'last name',
  `email` varchar(100) NOT NULL COMMENT 'email id',
  `contact_email` varchar(100) NOT NULL,
  `mail_email` varchar(255) NOT NULL COMMENT 'Email from which all the mails will be sent to the users',
  `password` varchar(255) NOT NULL COMMENT 'cakephp hashed password',
  `type` varchar(2) DEFAULT 'A' COMMENT 'SA=>Super Admin, A=>Sub Admin',
  `last_login_date` datetime NOT NULL COMMENT 'last login time',
  `forget_password_string` varchar(255) NOT NULL COMMENT 'forget password string require to verify account owner',
  `signup_string` varchar(255) NOT NULL COMMENT 'signup string to verify account owner',
  `modified` datetime NOT NULL COMMENT 'update time',
  `created` datetime NOT NULL COMMENT 'insert time',
  `status` varchar(2) NOT NULL COMMENT 'A=>Active,I=>Inactive,V=>Verified,NV=>not-verified,D=>deleted',
  PRIMARY KEY (`id`)
) ENGINE=InnoDB  DEFAULT CHARSET=latin1 AUTO_INCREMENT=8 ;

--
-- Dumping data for table `learn_admins`
--

INSERT INTO `learn_admins` (`id`, `first_name`, `last_name`, `email`, `contact_email`, `mail_email`, `password`, `type`, `last_login_date`, `forget_password_string`, `signup_string`, `modified`, `created`, `status`) VALUES
(1, 'Vladislav', ' Severa', 'administrator@learneron.net', 'administrator@learneron.net', 'no-reply@learneron.com', '$2y$10$raU/4ebGf1ayQblLyJ.gne6xZ6ul.NHKbrk3UiobGKq312ag2PF8W', 'SA', '2017-07-16 00:00:00', '', '', '2018-01-21 19:04:49', '2017-07-16 00:00:00', 'A'),
(2, 'Mitkar', 'Ghosh ', '100websolution11@gmail.com', '100websolution11@gmail.com', 'no-reply@learneron.com', '$2y$10$raU/4ebGf1ayQblLyJ.gne6xZ6ul.NHKbrk3UiobGKq312ag2PF8W', 'SA', '2017-08-01 00:00:00', '', '', '2017-07-31 20:47:19', '2017-08-01 00:00:00', 'A'),
(3, 'Dweyne', 'Smith', 'smith@gmail.com', 'smith@gmail.com', 'smith@gmail.com', '$2y$10$K/2dGiKxYAwrzqXnb9g4vetG4u40vGkHuJz0a/cTa0PR5sb6HP7Xy', 'A', '2017-10-24 19:36:54', '', '', '2017-10-25 20:19:49', '2017-10-24 19:36:54', 'I'),
(4, 'Dean', 'Jones', 'dean@gmail.com', 'dean@gmail.com', 'dean@gmail.com', '$2y$10$x0KlcFFHcXg1JOKDOmH3ouoQwkLe35trpA/7936CPPuYKlScYsGKS', 'A', '2017-10-25 19:46:23', '', '', '2017-10-25 19:46:23', '2017-10-25 19:46:23', 'I'),
(5, 'Sanja', 'kar', '100websolution@gmail.com', '100websolution@gmail.com', '100websolution@gmail.com', '$2y$10$PfftTL98CtGdLMf640SUB.Hjkm3mfwjA/EvMBMbAMTVrq1J8u70ym', 'A', '2017-10-27 19:36:53', '', '', '2017-10-27 19:36:53', '2017-10-27 19:36:53', 'I'),
(6, 'Sukanta', 'Sarkar', 'sukanta.info2@gmail.com', 'sukanta.info2@gmail.com', 'sukanta.info2@gmail.com', '$2y$10$ehY8Yx0AaDV1tqfAuUs6eevMzKwh/Chu3xnjs.Z9fiJcwzGbpOKj2', 'A', '2017-10-30 19:23:03', '', '', '2017-10-30 19:23:03', '2017-10-30 19:23:03', 'A'),
(7, 'aaa', 'Learner1', 'spinskillsup@gmail.com', 'spinskillsup@gmail.com', 'spinskillsup@gmail.com', '$2y$10$agSEyzHiggFOwBOJUQMBfeUEz/ZVkfQO7V60gIQ/1NuIcbOXcm5RG', 'A', '2017-11-12 14:38:05', '', '', '2017-11-12 14:38:05', '2017-11-12 14:38:05', 'A');

-- --------------------------------------------------------

--
-- Table structure for table `learn_admin_menus`
--

CREATE TABLE IF NOT EXISTS `learn_admin_menus` (
  `id` int(11) NOT NULL AUTO_INCREMENT,
  `main_menu_name` varchar(255) NOT NULL,
  `menu_name` varchar(255) NOT NULL,
  `menu_name_modified` varchar(255) NOT NULL,
  `parent_id` int(11) NOT NULL,
  `controller_name` varchar(255) NOT NULL,
  `method_name` varchar(255) NOT NULL,
  `sort_order` int(11) NOT NULL,
  `is_display` enum('Y','N') NOT NULL,
  `status` enum('A','I') NOT NULL,
  `modified` datetime NOT NULL,
  `created` datetime NOT NULL,
  PRIMARY KEY (`id`)
) ENGINE=InnoDB  DEFAULT CHARSET=latin1 AUTO_INCREMENT=96 ;

--
-- Dumping data for table `learn_admin_menus`
--

INSERT INTO `learn_admin_menus` (`id`, `main_menu_name`, `menu_name`, `menu_name_modified`, `parent_id`, `controller_name`, `method_name`, `sort_order`, `is_display`, `status`, `modified`, `created`) VALUES
(1, 'Manage Sub Admin', 'Manage Sub Admin', 'Manage Sub Admin', 0, 'AdminDetails', '', 1, 'Y', 'A', '0000-00-00 00:00:00', '0000-00-00 00:00:00'),
(2, 'Manage Admin', 'View', 'View', 1, 'AdminDetails', 'list-sub-admin', 0, 'Y', 'A', '0000-00-00 00:00:00', '0000-00-00 00:00:00'),
(3, 'Manage Admin', 'Add', 'Add', 1, 'AdminDetails', 'add-sub-admin', 0, 'Y', 'A', '0000-00-00 00:00:00', '0000-00-00 00:00:00'),
(4, 'Manage Admin', 'Edit', 'Edit', 1, 'AdminDetails', 'edit-sub-admin', 0, 'Y', 'A', '0000-00-00 00:00:00', '0000-00-00 00:00:00'),
(5, 'Manage Admin', 'Status', 'Status', 1, 'AdminDetails', 'change-status-subadmin', 0, 'Y', 'A', '0000-00-00 00:00:00', '0000-00-00 00:00:00'),
(6, 'Manage Admin', 'Delete', 'Delete', 1, 'AdminDetails', 'delete-sub-admin', 0, 'Y', 'A', '0000-00-00 00:00:00', '0000-00-00 00:00:00'),
(7, 'Manage Admin', 'ChangePassword', 'Change Password', 1, 'AdminDetails', 'sub-admin-change-password', 0, 'Y', 'A', '0000-00-00 00:00:00', '0000-00-00 00:00:00'),
(8, 'User Management', 'User Management', 'User Management', 0, 'Users', '', 2, 'Y', 'A', '0000-00-00 00:00:00', '0000-00-00 00:00:00'),
(9, 'User Management', 'View', 'View', 8, 'Users', 'list-data', 0, 'Y', 'A', '0000-00-00 00:00:00', '0000-00-00 00:00:00'),
(10, 'User Management', 'Add', 'Add', 8, 'Users', 'add-user', 0, 'Y', 'A', '0000-00-00 00:00:00', '0000-00-00 00:00:00'),
(11, 'User Management', 'Edit', 'Edit', 8, 'Users', 'edit-user', 0, 'Y', 'A', '0000-00-00 00:00:00', '0000-00-00 00:00:00'),
(12, 'User Management', 'Status', 'Status', 8, 'Users', 'change-status', 0, 'Y', 'A', '0000-00-00 00:00:00', '0000-00-00 00:00:00'),
(13, 'User Management', 'Delete', 'Delete', 8, 'Users', 'delete-user', 0, 'Y', 'A', '0000-00-00 00:00:00', '0000-00-00 00:00:00'),
(14, 'User Management', 'AccountSetting', 'Account Setting', 8, 'Users', 'user-account-setting', 0, 'Y', 'A', '0000-00-00 00:00:00', '0000-00-00 00:00:00'),
(15, 'User Management', 'ChangePassword', 'Change Password', 8, 'Users', 'user-change-password', 0, 'Y', 'A', '0000-00-00 00:00:00', '0000-00-00 00:00:00'),
(16, 'User Management', 'SubmittedDetails', 'Submitted Details', 8, 'Users', 'user-submitted-details', 0, 'Y', 'A', '0000-00-00 00:00:00', '0000-00-00 00:00:00'),
(17, 'Tags Management', 'Tags Management', 'Tags Management', 0, 'Tags', '', 3, 'Y', 'A', '0000-00-00 00:00:00', '0000-00-00 00:00:00'),
(18, 'Tags Management', 'View', 'View', 17, 'Tags', 'list-data', 0, 'Y', 'A', '0000-00-00 00:00:00', '0000-00-00 00:00:00'),
(19, 'Tags Management', 'Add', 'Add', 17, 'Tags', 'add-tag', 0, 'Y', 'A', '0000-00-00 00:00:00', '0000-00-00 00:00:00'),
(20, 'Tags Management', 'Edit', 'Edit', 17, 'Tags', 'edit-tag', 0, 'Y', 'A', '0000-00-00 00:00:00', '0000-00-00 00:00:00'),
(21, 'Tags Management', 'Status', 'Status', 17, 'Tags', 'change-status', 0, 'Y', 'A', '0000-00-00 00:00:00', '0000-00-00 00:00:00'),
(22, 'Tags Management', 'Delete', 'Delete', 17, 'Tags', 'delete-tag', 0, 'Y', 'A', '0000-00-00 00:00:00', '0000-00-00 00:00:00'),
(23, 'Question Categories', 'Question Categories', 'Question Categories', 0, 'QuestionCategories', '', 4, 'Y', 'A', '0000-00-00 00:00:00', '0000-00-00 00:00:00'),
(24, 'Question Categories', 'View', 'View', 23, 'QuestionCategories', 'list-data', 0, 'Y', 'A', '0000-00-00 00:00:00', '0000-00-00 00:00:00'),
(25, 'Question Categories', 'Add', 'Add', 23, 'QuestionCategories', 'add-question-category', 0, 'Y', 'A', '0000-00-00 00:00:00', '0000-00-00 00:00:00'),
(26, 'Question Categories', 'Edit', 'Edit', 23, 'QuestionCategories', 'edit-question-category', 0, 'Y', 'A', '0000-00-00 00:00:00', '0000-00-00 00:00:00'),
(27, 'Question Categories', 'Status', 'Status', 23, 'QuestionCategories', 'change-status', 0, 'Y', 'A', '0000-00-00 00:00:00', '0000-00-00 00:00:00'),
(28, 'Question Categories', 'Delete', 'Delete', 23, 'QuestionCategories', 'delete-question-category', 0, 'Y', 'A', '0000-00-00 00:00:00', '0000-00-00 00:00:00'),
(29, 'Questions', 'Questions', 'Questions', 0, 'Questions', '', 5, 'Y', 'A', '0000-00-00 00:00:00', '0000-00-00 00:00:00'),
(30, 'Questions', 'View', 'View', 29, 'Questions', 'list-data', 0, 'Y', 'A', '0000-00-00 00:00:00', '0000-00-00 00:00:00'),
(31, 'Questions', 'Add', 'Add', 29, 'Questions', 'add-question', 0, 'Y', 'A', '0000-00-00 00:00:00', '0000-00-00 00:00:00'),
(32, 'Questions', 'Edit', 'Edit', 29, 'Questions', 'edit-question', 0, 'Y', 'A', '0000-00-00 00:00:00', '0000-00-00 00:00:00'),
(33, 'Questions', 'Status', 'Status', 29, 'Questions', 'change-status', 0, 'Y', 'A', '0000-00-00 00:00:00', '0000-00-00 00:00:00'),
(34, 'Questions', 'Delete', 'Delete', 29, 'Questions', 'delete-question', 0, 'Y', 'A', '0000-00-00 00:00:00', '0000-00-00 00:00:00'),
(35, 'Question Answers', 'Question Answers', 'Question Answers', 0, 'QuestionAnswers', '', 6, 'Y', 'A', '0000-00-00 00:00:00', '0000-00-00 00:00:00'),
(36, 'Question Answers', 'View', 'View', 35, 'QuestionAnswers', 'list-data', 0, 'Y', 'A', '0000-00-00 00:00:00', '0000-00-00 00:00:00'),
(37, 'Question Answers', 'Add', 'Add', 35, 'QuestionAnswers', '', 0, 'Y', 'A', '0000-00-00 00:00:00', '0000-00-00 00:00:00'),
(38, 'Question Answers', 'Edit', 'Edit', 35, 'QuestionAnswers', 'edit-question-answer', 0, 'Y', 'A', '0000-00-00 00:00:00', '0000-00-00 00:00:00'),
(39, 'Question Answers', 'Status', 'Status', 35, 'QuestionAnswers', 'change-status', 0, 'Y', 'A', '0000-00-00 00:00:00', '0000-00-00 00:00:00'),
(40, 'Question Answers', 'Delete', 'Delete', 35, 'QuestionAnswers', 'delete-question-answer', 0, 'Y', 'A', '0000-00-00 00:00:00', '0000-00-00 00:00:00'),
(41, 'Question Answer Comments', 'Question Answer Comments', 'Question Answer Comments', 0, 'AnswerComments', '', 7, 'Y', 'A', '0000-00-00 00:00:00', '0000-00-00 00:00:00'),
(42, 'Question Answer Comments', 'View', 'View', 41, 'AnswerComments', 'list-data', 0, 'Y', 'A', '0000-00-00 00:00:00', '0000-00-00 00:00:00'),
(43, 'Question Answer Comments', 'Add', 'Add', 41, 'AnswerComments', '', 0, 'Y', 'A', '0000-00-00 00:00:00', '0000-00-00 00:00:00'),
(44, 'Question Answer Comments', 'Edit', 'Edit', 41, 'AnswerComments', 'edit-answer-comment', 0, 'Y', 'A', '0000-00-00 00:00:00', '0000-00-00 00:00:00'),
(45, 'Question Answer Comments', 'Status', 'Status', 41, 'AnswerComments', 'change-status', 0, 'Y', 'A', '0000-00-00 00:00:00', '0000-00-00 00:00:00'),
(46, 'Question Answer Comments', 'Delete', 'Delete', 41, 'AnswerComments', 'delete-comment', 0, 'Y', 'A', '0000-00-00 00:00:00', '0000-00-00 00:00:00'),
(47, 'Question Comments', 'Question Comments', 'Question Comments', 0, 'QuestionComments', '', 8, 'Y', 'A', '0000-00-00 00:00:00', '0000-00-00 00:00:00'),
(48, 'Question Comments', 'View', 'View', 47, 'QuestionComments', 'list-data', 0, 'Y', 'A', '0000-00-00 00:00:00', '0000-00-00 00:00:00'),
(49, 'Question Comments', 'Add', 'Add', 47, 'QuestionComments', '', 0, 'Y', 'A', '0000-00-00 00:00:00', '0000-00-00 00:00:00'),
(50, 'Question Comments', 'Edit', 'Edit', 47, 'QuestionComments', 'edit-comment', 0, 'Y', 'A', '0000-00-00 00:00:00', '0000-00-00 00:00:00'),
(51, 'Question Comments', 'Status', 'Status', 47, 'QuestionComments', 'change-status', 0, 'Y', 'A', '0000-00-00 00:00:00', '0000-00-00 00:00:00'),
(52, 'Question Comments', 'Delete', 'Delete', 47, 'QuestionComments', 'delete-comment', 0, 'Y', 'A', '0000-00-00 00:00:00', '0000-00-00 00:00:00'),
(53, 'News Category', 'News Category', 'News Category', 0, 'NewsCategories', '', 9, 'Y', 'A', '0000-00-00 00:00:00', '0000-00-00 00:00:00'),
(54, 'News Category', 'View', 'View', 53, 'NewsCategories', 'list-data', 0, 'Y', 'A', '0000-00-00 00:00:00', '0000-00-00 00:00:00'),
(55, 'News Category', 'Add', 'Add', 53, 'NewsCategories', 'add-news-category', 0, 'Y', 'A', '0000-00-00 00:00:00', '0000-00-00 00:00:00'),
(56, 'News Category', 'Edit', 'Edit', 53, 'NewsCategories', 'edit-news-category', 0, 'Y', 'A', '0000-00-00 00:00:00', '0000-00-00 00:00:00'),
(57, 'News Category', 'Status', 'Status', 53, 'NewsCategories', 'change-status', 0, 'Y', 'A', '0000-00-00 00:00:00', '0000-00-00 00:00:00'),
(58, 'News Category', 'Delete', 'Delete', 53, 'NewsCategories', 'delete-news-category', 0, 'Y', 'A', '0000-00-00 00:00:00', '0000-00-00 00:00:00'),
(59, 'News Management', 'News Management', 'News Management', 0, 'News', '', 10, 'Y', 'A', '0000-00-00 00:00:00', '0000-00-00 00:00:00'),
(60, 'News Management', 'View', 'View', 59, 'News', 'list-data', 0, 'Y', 'A', '0000-00-00 00:00:00', '0000-00-00 00:00:00'),
(61, 'News Management', 'Add', 'Add', 59, 'News', 'add-news', 0, 'Y', 'A', '0000-00-00 00:00:00', '0000-00-00 00:00:00'),
(62, 'News Management', 'Edit', 'Edit', 59, 'News', 'edit-news', 0, 'Y', 'A', '0000-00-00 00:00:00', '0000-00-00 00:00:00'),
(63, 'News Management', 'Status', 'Status', 59, 'News', 'change-status', 0, 'Y', 'A', '0000-00-00 00:00:00', '0000-00-00 00:00:00'),
(64, 'News Management', 'Delete', 'Delete', 59, 'News', 'delete-news', 0, 'Y', 'A', '0000-00-00 00:00:00', '0000-00-00 00:00:00'),
(65, 'News Comments', 'News Comments', 'News Comments', 0, 'NewsComments', '', 11, 'Y', 'A', '0000-00-00 00:00:00', '0000-00-00 00:00:00'),
(66, 'News Comments', 'View', 'View', 65, 'NewsComments', 'list-data', 0, 'Y', 'A', '0000-00-00 00:00:00', '0000-00-00 00:00:00'),
(67, 'News Comments', 'Add', 'Add', 65, 'NewsComments', '', 0, 'Y', 'A', '0000-00-00 00:00:00', '0000-00-00 00:00:00'),
(68, 'News Comments', 'Edit', 'Edit', 65, 'NewsComments', 'edit-comment', 0, 'Y', 'A', '0000-00-00 00:00:00', '0000-00-00 00:00:00'),
(69, 'News Comments', 'Status', 'Status', 65, 'NewsComments', 'change-status', 0, 'Y', 'A', '0000-00-00 00:00:00', '0000-00-00 00:00:00'),
(70, 'News Comments', 'Delete', 'Delete', 65, 'NewsComments', 'delete-comment', 0, 'Y', 'A', '0000-00-00 00:00:00', '0000-00-00 00:00:00'),
(71, 'FAQs', 'FAQs', 'FAQs', 0, 'Faqs', '', 12, 'Y', 'A', '0000-00-00 00:00:00', '0000-00-00 00:00:00'),
(72, 'FAQs', 'View', 'View', 71, 'Faqs', 'list-data', 0, 'Y', 'A', '0000-00-00 00:00:00', '0000-00-00 00:00:00'),
(73, 'FAQs', 'Add', 'Add', 71, 'Faqs', 'add-faq', 0, 'Y', 'A', '0000-00-00 00:00:00', '0000-00-00 00:00:00'),
(74, 'FAQs', 'Edit', 'Edit', 71, 'Faqs', 'edit-faq', 0, 'Y', 'A', '0000-00-00 00:00:00', '0000-00-00 00:00:00'),
(75, 'FAQs', 'Status', 'Status', 71, 'Faqs', 'change-status', 0, 'Y', 'A', '0000-00-00 00:00:00', '0000-00-00 00:00:00'),
(76, 'FAQs', 'Delete', 'Delete', 71, 'Faqs', 'delete-faq', 0, 'Y', 'A', '0000-00-00 00:00:00', '0000-00-00 00:00:00'),
(77, 'Contacts Management', 'Contacts Management', 'Contacts Management', 0, 'Contacts', '', 13, 'Y', 'A', '0000-00-00 00:00:00', '0000-00-00 00:00:00'),
(78, 'Contacts Management', 'View', 'View', 77, 'Contacts', 'list-data', 0, 'Y', 'A', '0000-00-00 00:00:00', '0000-00-00 00:00:00'),
(79, 'Contacts Management', 'Reply', 'Reply', 77, 'Contacts', 'reply', 0, 'Y', 'A', '0000-00-00 00:00:00', '0000-00-00 00:00:00'),
(80, 'Contacts Management', 'Delete', 'Delete', 77, 'Contacts', 'delete-contacts', 0, 'Y', 'A', '0000-00-00 00:00:00', '0000-00-00 00:00:00'),
(81, 'CMS Management', 'CMS Management', 'CMS Management', 0, 'cms', '', 14, 'Y', 'A', '0000-00-00 00:00:00', '0000-00-00 00:00:00'),
(82, 'CMS Management', 'View', 'View', 81, 'cms', 'list-data', 0, 'Y', 'A', '0000-00-00 00:00:00', '0000-00-00 00:00:00'),
(83, 'CMS Management', 'Edit', 'Edit', 81, 'cms', 'edit-cms', 0, 'Y', 'A', '0000-00-00 00:00:00', '0000-00-00 00:00:00'),
(84, 'Banner Management', 'Banner Management', 'Banner Management', 0, 'BannerSections', '', 15, 'Y', 'A', '0000-00-00 00:00:00', '0000-00-00 00:00:00'),
(85, 'Banner Management', 'View', 'View', 84, 'BannerSections', 'list-data', 0, 'Y', 'A', '0000-00-00 00:00:00', '0000-00-00 00:00:00'),
(86, 'Banner Management', 'Add', 'Add', 84, 'BannerSections', 'add-banner-section', 0, 'Y', 'A', '0000-00-00 00:00:00', '0000-00-00 00:00:00'),
(87, 'Banner Management', 'Edit', 'Edit', 84, 'BannerSections', 'edit-banner-section', 0, 'Y', 'A', '0000-00-00 00:00:00', '0000-00-00 00:00:00'),
(88, 'Banner Management', 'Status', 'Status', 84, 'BannerSections', 'change-status', 0, 'Y', 'A', '0000-00-00 00:00:00', '0000-00-00 00:00:00'),
(89, 'Banner Management', 'Delete', 'Delete', 84, 'BannerSections', 'delete-banner', 0, 'Y', 'A', '0000-00-00 00:00:00', '0000-00-00 00:00:00'),
(90, 'Advertise Management', 'Advertise Management', 'Advertise Management', 0, 'Advertisements', '', 16, 'Y', 'A', '2017-11-16 02:00:00', '2017-11-16 02:00:00'),
(91, 'Advertise Management', 'View', 'View', 90, 'Advertisements', 'list-data', 0, 'Y', 'A', '2017-11-16 03:00:00', '2017-11-16 03:00:00'),
(92, 'Advertise Management', 'Add', 'Add', 90, 'Advertisements', 'add-advertise', 0, 'Y', 'A', '2017-11-16 03:00:00', '2017-11-16 03:00:00'),
(93, 'Advertise Management', 'Edit', 'Edit', 90, 'Advertisements', 'edit-advertise', 0, 'Y', 'A', '2017-08-09 00:00:00', '2017-08-09 00:00:00'),
(94, 'Advertise Management', 'Status', 'Status', 90, 'Advertisements', 'change-status', 0, 'Y', 'A', '2017-08-13 12:27:33', '2017-08-13 03:07:09'),
(95, 'Advertise Management', 'Delete', 'Delete', 90, 'Advertisements', 'delete-advertise', 0, 'Y', 'A', '2017-08-13 12:27:33', '2017-08-13 12:27:33');

-- --------------------------------------------------------

--
-- Table structure for table `learn_admin_permisions`
--

CREATE TABLE IF NOT EXISTS `learn_admin_permisions` (
  `id` int(11) NOT NULL AUTO_INCREMENT,
  `admin_user_id` int(11) NOT NULL,
  `admin_menu_id` int(11) NOT NULL,
  `modified` datetime NOT NULL,
  `created` datetime NOT NULL,
  PRIMARY KEY (`id`)
) ENGINE=InnoDB  DEFAULT CHARSET=latin1 AUTO_INCREMENT=115 ;

--
-- Dumping data for table `learn_admin_permisions`
--

INSERT INTO `learn_admin_permisions` (`id`, `admin_user_id`, `admin_menu_id`, `modified`, `created`) VALUES
(9, 4, 2, '2017-10-25 19:46:23', '2017-10-25 19:46:23'),
(10, 4, 3, '2017-10-25 19:46:23', '2017-10-25 19:46:23'),
(11, 4, 9, '2017-10-25 19:46:23', '2017-10-25 19:46:23'),
(46, 3, 2, '2017-10-25 20:19:49', '2017-10-25 20:19:49'),
(47, 3, 3, '2017-10-25 20:19:49', '2017-10-25 20:19:49'),
(48, 3, 4, '2017-10-25 20:19:49', '2017-10-25 20:19:49'),
(49, 3, 5, '2017-10-25 20:19:49', '2017-10-25 20:19:49'),
(50, 3, 9, '2017-10-25 20:19:49', '2017-10-25 20:19:49'),
(51, 3, 11, '2017-10-25 20:19:49', '2017-10-25 20:19:49'),
(52, 3, 18, '2017-10-25 20:19:49', '2017-10-25 20:19:49'),
(53, 3, 20, '2017-10-25 20:19:49', '2017-10-25 20:19:49'),
(54, 3, 24, '2017-10-25 20:19:49', '2017-10-25 20:19:49'),
(55, 3, 26, '2017-10-25 20:19:49', '2017-10-25 20:19:49'),
(56, 3, 30, '2017-10-25 20:19:49', '2017-10-25 20:19:49'),
(57, 3, 32, '2017-10-25 20:19:49', '2017-10-25 20:19:49'),
(58, 3, 36, '2017-10-25 20:19:49', '2017-10-25 20:19:49'),
(59, 3, 38, '2017-10-25 20:19:49', '2017-10-25 20:19:49'),
(60, 3, 42, '2017-10-25 20:19:49', '2017-10-25 20:19:49'),
(61, 3, 45, '2017-10-25 20:19:49', '2017-10-25 20:19:49'),
(62, 3, 48, '2017-10-25 20:19:49', '2017-10-25 20:19:49'),
(63, 3, 50, '2017-10-25 20:19:49', '2017-10-25 20:19:49'),
(64, 3, 54, '2017-10-25 20:19:49', '2017-10-25 20:19:49'),
(65, 3, 55, '2017-10-25 20:19:49', '2017-10-25 20:19:49'),
(66, 3, 56, '2017-10-25 20:19:49', '2017-10-25 20:19:49'),
(67, 3, 60, '2017-10-25 20:19:49', '2017-10-25 20:19:49'),
(68, 3, 62, '2017-10-25 20:19:49', '2017-10-25 20:19:49'),
(69, 3, 66, '2017-10-25 20:19:49', '2017-10-25 20:19:49'),
(70, 3, 68, '2017-10-25 20:19:49', '2017-10-25 20:19:49'),
(71, 3, 72, '2017-10-25 20:19:49', '2017-10-25 20:19:49'),
(72, 3, 73, '2017-10-25 20:19:49', '2017-10-25 20:19:49'),
(73, 3, 74, '2017-10-25 20:19:49', '2017-10-25 20:19:49'),
(74, 3, 78, '2017-10-25 20:19:49', '2017-10-25 20:19:49'),
(75, 3, 82, '2017-10-25 20:19:49', '2017-10-25 20:19:49'),
(76, 3, 83, '2017-10-25 20:19:49', '2017-10-25 20:19:49'),
(77, 3, 85, '2017-10-25 20:19:49', '2017-10-25 20:19:49'),
(78, 3, 86, '2017-10-25 20:19:49', '2017-10-25 20:19:49'),
(79, 3, 87, '2017-10-25 20:19:49', '2017-10-25 20:19:49'),
(80, 5, 9, '2017-10-27 19:36:53', '2017-10-27 19:36:53'),
(81, 5, 18, '2017-10-27 19:36:53', '2017-10-27 19:36:53'),
(82, 6, 9, '2017-10-30 19:23:03', '2017-10-30 19:23:03'),
(83, 6, 10, '2017-10-30 19:23:03', '2017-10-30 19:23:03'),
(84, 6, 24, '2017-10-30 19:23:03', '2017-10-30 19:23:03'),
(85, 6, 25, '2017-10-30 19:23:03', '2017-10-30 19:23:03'),
(86, 7, 2, '2017-11-12 14:38:05', '2017-11-12 14:38:05'),
(87, 7, 9, '2017-11-12 14:38:05', '2017-11-12 14:38:05'),
(88, 7, 18, '2017-11-12 14:38:05', '2017-11-12 14:38:05'),
(89, 7, 19, '2017-11-12 14:38:05', '2017-11-12 14:38:05'),
(90, 7, 24, '2017-11-12 14:38:05', '2017-11-12 14:38:05'),
(91, 7, 25, '2017-11-12 14:38:05', '2017-11-12 14:38:05'),
(92, 7, 26, '2017-11-12 14:38:05', '2017-11-12 14:38:05'),
(93, 7, 30, '2017-11-12 14:38:05', '2017-11-12 14:38:05'),
(94, 7, 31, '2017-11-12 14:38:05', '2017-11-12 14:38:05'),
(95, 7, 32, '2017-11-12 14:38:05', '2017-11-12 14:38:05'),
(96, 7, 33, '2017-11-12 14:38:05', '2017-11-12 14:38:05'),
(97, 7, 36, '2017-11-12 14:38:05', '2017-11-12 14:38:05'),
(98, 7, 38, '2017-11-12 14:38:05', '2017-11-12 14:38:05'),
(99, 7, 39, '2017-11-12 14:38:05', '2017-11-12 14:38:05'),
(100, 7, 42, '2017-11-12 14:38:05', '2017-11-12 14:38:05'),
(101, 7, 45, '2017-11-12 14:38:05', '2017-11-12 14:38:05'),
(102, 7, 48, '2017-11-12 14:38:05', '2017-11-12 14:38:05'),
(103, 7, 50, '2017-11-12 14:38:05', '2017-11-12 14:38:05'),
(104, 7, 51, '2017-11-12 14:38:05', '2017-11-12 14:38:05'),
(105, 7, 54, '2017-11-12 14:38:05', '2017-11-12 14:38:05'),
(106, 7, 55, '2017-11-12 14:38:05', '2017-11-12 14:38:05'),
(107, 7, 60, '2017-11-12 14:38:05', '2017-11-12 14:38:05'),
(108, 7, 66, '2017-11-12 14:38:05', '2017-11-12 14:38:05'),
(109, 7, 68, '2017-11-12 14:38:05', '2017-11-12 14:38:05'),
(110, 7, 69, '2017-11-12 14:38:05', '2017-11-12 14:38:05'),
(111, 7, 72, '2017-11-12 14:38:05', '2017-11-12 14:38:05'),
(112, 7, 78, '2017-11-12 14:38:05', '2017-11-12 14:38:05'),
(113, 7, 82, '2017-11-12 14:38:05', '2017-11-12 14:38:05'),
(114, 7, 85, '2017-11-12 14:38:05', '2017-11-12 14:38:05');

-- --------------------------------------------------------

--
-- Table structure for table `learn_advertisements`
--

CREATE TABLE IF NOT EXISTS `learn_advertisements` (
  `id` int(11) NOT NULL AUTO_INCREMENT,
  `link` varchar(255) NOT NULL,
  `page_name` varchar(255) NOT NULL,
  `image` text NOT NULL,
  `status` enum('A','I') NOT NULL DEFAULT 'I',
  `modified` datetime NOT NULL,
  `created` datetime NOT NULL,
  PRIMARY KEY (`id`)
) ENGINE=InnoDB  DEFAULT CHARSET=latin1 AUTO_INCREMENT=6 ;

--
-- Dumping data for table `learn_advertisements`
--

INSERT INTO `learn_advertisements` (`id`, `link`, `page_name`, `image`, `status`, `modified`, `created`) VALUES
(1, 'https://learneron.net/signup', 'homePage', 'advertise_151776909744.png', 'A', '2018-02-04 18:38:43', '2017-11-18 16:21:46'),
(2, 'https://learneron.net/signup', 'postQuestion', 'advertise_151776954668.png', 'A', '2018-02-04 18:39:06', '2017-11-18 16:24:43'),
(3, 'https://learneron.net/signup', 'allQuestions', 'advertise_151776956653.png', 'A', '2018-02-04 18:39:26', '2017-11-18 17:41:24'),
(4, 'https://learneron.net/signup', 'allUsers', 'advertise_151776958452.png', 'A', '2018-02-04 18:39:44', '2017-11-18 17:41:41'),
(5, 'https://learneron.net/signup', 'newsListing', 'advertise_15177696116.png', 'A', '2018-02-04 18:40:11', '2017-11-18 17:41:56');

-- --------------------------------------------------------

--
-- Table structure for table `learn_anonymous_users`
--

CREATE TABLE IF NOT EXISTS `learn_anonymous_users` (
  `id` int(11) NOT NULL AUTO_INCREMENT,
  `user_id` int(11) NOT NULL COMMENT 'User id from "users" table',
  `usertype` enum('individual','group') DEFAULT NULL COMMENT 'anonymous type',
  `slug` varchar(255) NOT NULL COMMENT 'unique slug',
  `unique_id` int(11) DEFAULT NULL,
  `modified` datetime NOT NULL COMMENT 'update time',
  `created` datetime NOT NULL COMMENT 'insert time',
  PRIMARY KEY (`id`)
) ENGINE=InnoDB  DEFAULT CHARSET=latin1 AUTO_INCREMENT=22 ;

--
-- Dumping data for table `learn_anonymous_users`
--

INSERT INTO `learn_anonymous_users` (`id`, `user_id`, `usertype`, `slug`, `unique_id`, `modified`, `created`) VALUES
(2, 0, 'individual', 'anonymous', 0, '2018-04-07 02:00:00', '2018-04-07 02:00:00'),
(3, 23, 'individual', 'anonymous-1', 1, '2018-04-08 15:21:24', '2018-04-08 15:21:24'),
(4, 71, 'group', 'Anonymous Group', 2, '2018-04-11 20:58:22', '2018-04-09 21:04:37'),
(6, 69, 'individual', 'anonymous-2', 2, '2018-04-11 20:58:28', '2018-04-09 21:05:36'),
(8, 35, 'individual', 'anonymous-3', 3, '2018-04-11 21:01:51', '2018-04-11 21:01:40'),
(19, 4, 'individual', 'anonymous-4', 4, '2018-04-12 19:32:48', '2018-04-12 19:32:37'),
(20, 21, 'group', 'Anonymous Group', 5, '2018-04-12 19:46:38', '2018-04-12 19:45:51'),
(21, 75, 'individual', 'anonymous-5', 5, '2018-04-21 19:25:52', '2018-04-21 19:25:52');

-- --------------------------------------------------------

--
-- Table structure for table `learn_answer_comments`
--

CREATE TABLE IF NOT EXISTS `learn_answer_comments` (
  `id` int(11) NOT NULL AUTO_INCREMENT,
  `user_id` int(11) NOT NULL COMMENT 'Logged in user id (who posted this comment)',
  `question_id` int(11) NOT NULL,
  `answer_id` int(11) NOT NULL,
  `answer_user_id` int(11) NOT NULL,
  `comment` text NOT NULL,
  `status` enum('1','0') NOT NULL DEFAULT '0',
  `user_ip` varchar(100) NOT NULL,
  `created` datetime NOT NULL,
  `modified` datetime NOT NULL,
  PRIMARY KEY (`id`)
) ENGINE=InnoDB  DEFAULT CHARSET=latin1 AUTO_INCREMENT=13 ;

--
-- Dumping data for table `learn_answer_comments`
--

INSERT INTO `learn_answer_comments` (`id`, `user_id`, `question_id`, `answer_id`, `answer_user_id`, `comment`, `status`, `user_ip`, `created`, `modified`) VALUES
(1, 27, 8, 5, 1, 'Hi - I tried Google translate the Czech language descriptions and they look well for beginning freelancers and entrepreneurs. Any hint by anyone of similar online courses in other countries (my case - India)?', '1', '47.15.11.173', '2017-08-31 20:23:44', '2018-02-05 16:17:05'),
(2, 1, 8, 4, 27, 'Lorem ipsum dolor sit amet, consecteter adipiscing elit , sed diam nonummy nibh euin mod tincidunt ut laoreet dolore magna aliquam erat volutpat. Ut wisi enim ad minimi iam, quis nostrud exerci. Lorem ipsum dolor sit amet, consecteter a ', '1', '47.15.11.173', '2017-08-31 20:24:09', '2017-08-31 20:24:09'),
(3, 2, 8, 4, 27, 'Lorem ipsum dolor sit amet, consecteter adipiscing elit , sed diam nonummy nibh euin mod tincidunt ut laoreet dolore magna aliquam erat volutpat. Ut wisi enim ad minimi iam, quis nostrud exerci. Lorem ipsum dolor sit amet, consecteter a ', '1', '47.15.11.173', '2017-08-31 20:34:25', '2017-08-31 20:34:25'),
(7, 2, 7, 6, 1, 'test related', '0', '47.15.1.254', '2017-09-07 20:55:17', '2017-09-07 20:55:17'),
(8, 21, 8, 4, 27, 'nice', '1', '110.227.98.195', '2017-09-08 18:39:41', '2017-09-08 18:39:41'),
(9, 21, 8, 7, 35, 'ghjgh', '0', '110.225.8.16', '2017-09-13 19:55:41', '2017-09-13 19:55:41'),
(10, 34, 7, 6, 1, 'good!', '1', '46.135.78.164', '2017-09-23 19:50:21', '2017-09-23 19:50:21'),
(11, 34, 8, 5, 1, 'Hi, how long time did the courses you chose take?', '1', '46.135.10.110', '2017-10-01 12:58:31', '2018-02-05 16:20:14'),
(12, 27, 10, 10, 40, 'this is testing...', '0', '47.15.13.175', '2017-10-08 05:45:22', '2017-11-27 18:54:15');

-- --------------------------------------------------------

--
-- Table structure for table `learn_answer_upvotes`
--

CREATE TABLE IF NOT EXISTS `learn_answer_upvotes` (
  `id` int(11) NOT NULL AUTO_INCREMENT,
  `user_id` int(11) NOT NULL COMMENT 'Logged in user id',
  `question_id` int(11) NOT NULL,
  `answer_id` int(11) NOT NULL,
  `answer_user_id` int(11) NOT NULL,
  `status` enum('1','0') NOT NULL DEFAULT '0',
  `user_ip` varchar(100) NOT NULL,
  `created` datetime NOT NULL,
  `modified` datetime NOT NULL,
  PRIMARY KEY (`id`)
) ENGINE=InnoDB  DEFAULT CHARSET=latin1 AUTO_INCREMENT=14 ;

--
-- Dumping data for table `learn_answer_upvotes`
--

INSERT INTO `learn_answer_upvotes` (`id`, `user_id`, `question_id`, `answer_id`, `answer_user_id`, `status`, `user_ip`, `created`, `modified`) VALUES
(1, 27, 8, 5, 1, '1', '47.15.11.173', '2017-08-31 20:23:32', '2017-08-31 20:23:32'),
(2, 1, 8, 4, 27, '1', '47.15.11.173', '2017-08-31 20:24:01', '2017-08-31 20:24:01'),
(3, 2, 8, 4, 27, '1', '47.15.11.173', '2017-08-31 20:34:03', '2017-08-31 20:34:03'),
(4, 21, 8, 5, 1, '1', '122.163.61.92', '2017-08-31 20:41:15', '2017-08-31 20:41:15'),
(5, 27, 7, 6, 1, '1', '47.15.1.254', '2017-09-07 19:12:58', '2017-09-07 19:12:58'),
(6, 2, 7, 6, 1, '1', '47.15.1.254', '2017-09-07 20:15:28', '2017-09-07 20:15:28'),
(7, 34, 7, 6, 1, '1', '90.179.53.6', '2017-09-10 21:00:07', '2017-09-10 21:00:07'),
(8, 21, 8, 4, 27, '1', '110.225.8.16', '2017-09-13 19:55:07', '2017-09-13 19:55:07'),
(9, 21, 8, 7, 35, '1', '110.225.8.16', '2017-09-13 19:55:28', '2017-09-13 19:55:28'),
(10, 27, 6, 2, 21, '1', '202.142.77.93', '2017-09-17 07:21:32', '2017-09-17 07:21:32'),
(11, 27, 8, 7, 35, '1', '47.15.12.47', '2017-10-06 20:08:07', '2017-10-06 20:08:07'),
(12, 2, 8, 5, 1, '1', '47.15.12.47', '2017-10-06 20:25:25', '2017-10-06 20:25:25'),
(13, 35, 10, 12, 40, '1', '122.163.87.214', '2018-03-21 20:23:10', '2018-03-21 20:23:10');

-- --------------------------------------------------------

--
-- Table structure for table `learn_banner_sections`
--

CREATE TABLE IF NOT EXISTS `learn_banner_sections` (
  `id` int(11) NOT NULL AUTO_INCREMENT,
  `title` varchar(255) NOT NULL,
  `sub_title` text NOT NULL,
  `sub_title2` text NOT NULL,
  `link` varchar(255) NOT NULL,
  `link_text` varchar(255) NOT NULL,
  `link2` varchar(255) NOT NULL,
  `link2_text` text NOT NULL,
  `image` text NOT NULL,
  `status` enum('A','I') NOT NULL DEFAULT 'I',
  `modified` datetime NOT NULL,
  `created` datetime NOT NULL,
  PRIMARY KEY (`id`)
) ENGINE=InnoDB  DEFAULT CHARSET=latin1 AUTO_INCREMENT=4 ;

--
-- Dumping data for table `learn_banner_sections`
--

INSERT INTO `learn_banner_sections` (`id`, `title`, `sub_title`, `sub_title2`, `link`, `link_text`, `link2`, `link2_text`, `image`, `status`, `modified`, `created`) VALUES
(1, 'Welcome to learn with us!', 'It may not be easy for a grown person to navigate what learning path can take one further in the right direction towards a better job, better pay, or firmer confidence. What goal shall I set, given what I already - or, rather, still - know? What budget shall I need to accomplish my learning mission? What time will I need to allocate? What learning options are there, with what take-aways?', 'to join the Lifelong Learners'' community to ask your questions, or share your answers!', 'https://www.learneron.net/signup', 'Sign Up', 'https://www.learneron.net/login', 'Log In', 'banner_15020913215.jpg', 'A', '2018-02-20 19:22:14', '2017-08-07 07:35:23'),
(2, 'Are you', 'An experienced person, whose industry or job seems soon to get automated?<br />\r\nJust freshly graduated, but you feel somewhat practically unprepared for the job market?<br />\r\nNeeding just a part time job, or become a freelancer, but you are not confident having the right skills and preparation for it?', 'to join the Lifelong Learners'' community to ask your questions, or share your answers!', 'https://www.learneron.net/signup', 'Sign Up', 'https://www.learneron.net/login', 'Log In', 'banner_15020917577.jpg', 'A', '2018-02-20 19:22:25', '2017-08-07 07:42:39'),
(3, 'Do you', 'Feel, that while you''re successful at what you do, the world is changing so rapidly, and so interestingly, that you... perhaps for the sole sake of curiosity... ought to learn more?', 'to join the Lifelong Learners'' community to ask your questions, or share your answers!', 'https://www.learneron.net/signup', 'Sign Up', 'https://www.learneron.net/login', 'Log In', 'banner_15020917822.jpg', 'A', '2018-02-20 19:22:37', '2017-08-07 07:43:03');

-- --------------------------------------------------------

--
-- Table structure for table `learn_careereducations`
--

CREATE TABLE IF NOT EXISTS `learn_careereducations` (
  `id` int(11) NOT NULL AUTO_INCREMENT,
  `user_id` int(11) NOT NULL,
  `history_type` enum('C','E') NOT NULL DEFAULT 'E',
  `edu_degree` varchar(255) DEFAULT NULL,
  `edu_organization` varchar(255) DEFAULT NULL,
  `edu_from` date DEFAULT NULL,
  `edu_to` date DEFAULT NULL,
  `career_position` varchar(255) DEFAULT NULL,
  `career_company` varchar(255) DEFAULT NULL,
  `career_from` date DEFAULT NULL,
  `career_to` date DEFAULT NULL,
  `created` datetime NOT NULL,
  `modified` datetime NOT NULL,
  PRIMARY KEY (`id`)
) ENGINE=InnoDB  DEFAULT CHARSET=latin1 AUTO_INCREMENT=19 ;

--
-- Dumping data for table `learn_careereducations`
--

INSERT INTO `learn_careereducations` (`id`, `user_id`, `history_type`, `edu_degree`, `edu_organization`, `edu_from`, `edu_to`, `career_position`, `career_company`, `career_from`, `career_to`, `created`, `modified`) VALUES
(1, 1, 'E', 'edu 1', 'school 1', '2017-08-01', '2017-08-03', NULL, NULL, NULL, NULL, '2017-08-06 13:54:00', '2017-08-06 13:56:45'),
(2, 1, 'C', NULL, NULL, NULL, NULL, 'car 1', 'com 1', '2017-08-03', '2017-08-04', '2017-08-06 13:54:00', '2017-08-06 13:56:45'),
(3, 1, 'C', NULL, NULL, NULL, NULL, 'car 2', 'com 2', '2017-07-04', '2017-07-19', '2017-08-06 13:54:00', '2017-08-06 13:56:45'),
(4, 2, 'E', 'New edu 1', 'new school 1', '2017-05-07', '2017-05-15', NULL, NULL, NULL, NULL, '2017-08-15 05:43:51', '2017-08-15 05:43:51'),
(5, 2, 'C', NULL, NULL, NULL, NULL, 'new com 1', 'com 1', '2017-05-16', '2017-07-21', '2017-08-15 05:43:51', '2017-08-15 05:43:51'),
(6, 3, 'C', NULL, NULL, NULL, NULL, 'jersey', 'New jersey', '1999-01-10', '2004-05-29', '2017-08-15 06:45:47', '2017-08-15 06:45:47'),
(7, 4, 'E', 'Graduate', 'St. Gomes', '2017-04-01', '2017-06-02', NULL, NULL, NULL, NULL, '2017-08-15 11:54:59', '2017-08-15 11:54:59'),
(8, 4, 'C', NULL, NULL, NULL, NULL, 'Student', 'Vidyalaya', '2017-07-01', '2017-07-18', '2017-08-15 11:54:59', '2017-08-15 11:54:59'),
(9, 27, 'E', 'MCA', 'WBUT', '2007-08-15', '2010-08-15', NULL, NULL, NULL, NULL, '2017-08-20 12:24:35', '2018-04-14 04:32:24'),
(10, 27, 'E', 'BSC', 'CU', '2004-08-02', '2007-08-04', NULL, NULL, NULL, NULL, '2017-08-20 12:24:35', '2018-04-14 04:32:24'),
(11, 27, 'E', 'HS', 'VMPS', '2002-08-01', '2004-08-15', NULL, NULL, NULL, NULL, '2017-08-20 12:24:35', '2018-04-14 04:32:24'),
(12, 27, 'C', NULL, NULL, NULL, NULL, 'Senior Developer', 'Company 2', '2017-01-01', '2017-02-28', '2017-08-20 12:24:35', '2018-04-14 04:32:24'),
(13, 27, 'C', NULL, NULL, NULL, NULL, 'Developer', 'Company 1', '2016-12-01', '2016-12-31', '2017-08-20 12:24:35', '2018-04-14 04:32:24'),
(14, 21, 'E', 'BTech', 'GCETTS', '2016-12-01', '2017-07-03', NULL, NULL, NULL, NULL, '2017-08-23 20:08:04', '2017-08-23 20:09:21'),
(15, 21, 'E', 'HS', 'BKAPI', '2017-08-01', '2017-08-24', NULL, NULL, NULL, NULL, '2017-08-23 20:08:04', '2017-08-23 20:09:21'),
(16, 21, 'C', NULL, NULL, NULL, NULL, 'Developer', 'Accenza', '2017-08-23', '2017-08-31', '2017-08-23 20:08:04', '2017-08-23 20:09:21'),
(17, 41, 'E', 'BTech', 'GCETTS', '2016-10-05', '2017-09-28', NULL, NULL, NULL, NULL, '2017-09-29 03:24:58', '2017-09-29 03:24:58'),
(18, 41, 'C', NULL, NULL, NULL, NULL, 'Web Designer', 'Eclock', '2017-09-01', '2017-09-20', '2017-09-29 03:24:58', '2017-09-29 03:24:58');

-- --------------------------------------------------------

--
-- Table structure for table `learn_cms_pages`
--

CREATE TABLE IF NOT EXISTS `learn_cms_pages` (
  `id` int(11) NOT NULL AUTO_INCREMENT,
  `page_section` varchar(255) NOT NULL,
  `title` varchar(255) NOT NULL,
  `description` text NOT NULL,
  `status` varchar(1) NOT NULL COMMENT 'A=>active,I=>inactive,D=>deleted',
  `modified` datetime NOT NULL,
  `created` datetime NOT NULL,
  `meta_keywords` varchar(255) NOT NULL,
  `meta_description` text NOT NULL,
  PRIMARY KEY (`id`)
) ENGINE=InnoDB  DEFAULT CHARSET=latin1 AUTO_INCREMENT=8 ;

--
-- Dumping data for table `learn_cms_pages`
--

INSERT INTO `learn_cms_pages` (`id`, `page_section`, `title`, `description`, `status`, `modified`, `created`, `meta_keywords`, `meta_description`) VALUES
(1, 'home', 'Home', 'test description', 'A', '2017-08-18 16:40:21', '2017-08-06 01:09:18', 'Home', 'Home'),
(2, 'news', 'News & Views', 'You will find here our site blog, sharing with you our reviews of and comments on interesting Lifelong Learning topics (Views), as well as news on the LearnerOn.Net site development and functionality (News)', 'A', '2017-08-09 00:00:00', '2017-08-09 00:00:00', 'News & Views', 'News & Views'),
(3, 'about us', 'About Us', '<p>We build LearnerOn.Net in order to support the community of adult, lifelong learners in finding the learning path for their needs and means, whatever these are.</p>\r\n<p>We do it because we believe that learning, knowing and understanding more, rather than less, is universally good thing. Not only it leads to an immediate better individual well being through improved skills and job prospects; it also makes the world better as a whole. It fuels progress.</p>\r\n<p>Our starting team is small. Our background is education, math, physics, data science, finance, consulting. We are convinced lifelong learners ourselves: in learning we trust!</p>\r\n<p>As LearnerOn.Net itself is on a learning path, over time we intend to bring more to support the participating users and learners. We are about to employ AI and Machine Learning to aid the Human Learning.<br></p>\r\n<p>Our highest hope is following: we intend to help setting grown people onto a learning path. All of us. The entire humankind.</p>\r\n<p>&nbsp;</p>\r\n<hr>\r\n<p>LearnerOn.Net is delivered by <a href="javascript:void(0);" onclick="show_details();">Learneron, SE</a><br>© Learneron, SE, 2017</p>\r\n<div id="show" class="hidedetails"><p>Learneron, SE; business ID: 061 59 010; registered seat: Zahrebska 23, 120 00, Prague, Czech Republic; e-mail: <a href="mailto:administrator@learneron.net">administrator@learneron.net</a></p></div>\r\n', 'A', '2018-04-15 13:25:00', '2017-08-09 00:00:00', 'About Us', 'About Us'),
(4, 'terms of use', 'Terms of Use', '<p><span style="text-decoration:underline">Introductory Provisions</span><br>\r\nThese Terms and Conditions for using the portal LearnerOn.Net (the “Conditions”) provide for the conditions for using the services of the portal LearnerOn.Net (the “Services”) and set rights and obligations arising during the provision of these Services between you as a user (the “User”) and the company: Learneron, SE; business ID: 061 59 010; registered seat: Zahrebska 23, 120 00, Prague, Czech Republic as a provider of the Services (the “Provider”). For creating the user account and using the Services, the User has to agree with the Conditions. If the User does not agree to the Conditions, then the User cannot use the Services.<br><br>\r\n<span style="text-decoration:underline">Formation of a Contract and its Subject-matter</span><br>\r\nThe Contract, the subject of which is provision of the Services via a user account, is established by the moment of giving consent to these Conditions and successful creation of a user account.<br><br>\r\nThe agreement is concluded free of charge and the User is not obliged to pay any remuneration, taxes, fees or delivery costs are connected to the Services. Costs connected with using of remote means of communication on the side of the User are, however, borne by the User. The User expressly asks the Provider for commencement of provision of the Services from the moment of establishment of the Agreement and is aware of the fact that in such a case, the User is not entitled to withdraw from the Agreement.<br><br>\r\nThe agreement is concluded for an indefinite period of time. The Services provided by the Provider to the User are provided “as is” and the Provider does not provide the User with any guarantees regarding the functionality, speed and availability of the Services. The Provider in no way acquaints itself with the content added by the users.<br><br>\r\nInformation about the User’s personal data processing are stated in <a href="privacy">Privacy Policy</a>.<br><br>\r\n<span style="text-decoration:underline">Termination of the Contract</span><br>\r\nThe agreement on provision of Services may be terminated by the User or the Provider without cause with the effect from the day of delivery of a written (including means of electronic communication – specifically, email) notice to the other contracting party. <br><br>\r\n<span style="text-decoration:underline">Conditions for Using the Services</span><br>\r\nThe rules stipulated below apply during any use of the Services by the User. </p><p>\r\n</p><p style="margin-bottom: 0in">The Services are solely dedicated to\r\npersons at least 16 years old; by entering the Learneron.Net site,\r\nusing the Services and / or agreeing to these Terms of Use, the User\r\nexplicitly represents that is of the age of 16 years or older.</p>\r\n<p><br>\r\nPersons professionally providing educational services or persons affiliated with them are not allowed to use the Question asking, Answer providing and Comments posting part of the Services and to create a user account for Questions, Answers or Comments purposes.</p><p>\r\n</p><p style="margin-bottom: 0in">The User retains the rights to any and all her posts – whether that''s a Questions, Answer of Comment posted\r\nover the Learneron.Net site or otherwise through the Services. By\r\nsubmitting, posting or displaying posts on the Learneron.Net site or\r\nthrough the Services, the User grants the Provider a worldwide, non-exclusive,\r\nroyalty-free license (with the right to sublicense) to use, copy,\r\nreproduce, process, adapt, modify, publish, transmit, display and\r\ndistribute such posts in any and all media or distribution means,\r\npresent or future. This license authorizes the Provider to make the User''s posts\r\navailable to others (including other companies, organisations or individuals for potential further distribution, promotion or\r\npublication of the Users'' posts over the site or through Services,\r\nsubject to the Provider''s terms and conditions for such use), and to let others\r\ndo the same. The licence is provided to the Provider free of charge, with no\r\ncompensation to be paid to the User.</p><p style="margin-bottom: 0in"><br></p><p style="margin-bottom: 0in">\r\n</p><p style="margin-bottom: 0in">Having been provided an access and use\r\nof the Services, the User agrees that the Provider and its\r\nthird-party providers and partners, as the case may be,  may place\r\nadvertising on the Learneron.Net site, on the Services or in\r\nconnection with the User-generated content and posts at or through\r\nthe Services.</p>\r\n\r\n<p><br>\r\nDuring the use of the Services, the User is always obliged to act in accordance with applicable statutory provisions and to comply with the below stated conditions and rules:\r\n</p><ul>\r\n<li>It is forbidden to use vulgar expressions, offensive language, personally attacking or dehonesting texts or insults, as well as intentionally false and misleading statements or information.</li>\r\n<li>It is forbidden to repeatedly insert duplicate posts or to insert intentionally false or misleading posts.</li>\r\n<li>It is forbidden to post any paid or unpaid advertisement, or as the case may be, third party advertisement to the portal, unless such posting of paid or unpaid advertisement, or as the case may be, third party advertisement to the portal, is allowed on the basis of prior specific agreement with the Provider.</li>\r\n<li>It is forbidden to promote educational or other services offered by the User or by a person affiliated with the User, unless such promoting of educational or other services offered by the User or by a person affiliated with the User is allowed on the basis of prior specific agreement with the Provider.</li><li>It is forbidden to scrape the Learneron.Net portal or the Services, to copy its content or otherwise transfer, download, interfere with or manipulate the portal content, posts or the Services without a specific written agreement with the Provider, unless by the normal User''s access through the Services and portal users'' interface. Crawling the portal or the Services or otherwise using an automated access to the portal or Services is only allowed in accordance with robot.txt file, or - in its absence - after a specific written agreement with the Provider.</li>\r\n<li>All User''s posts on the portal have to be in compliance with all applicable laws and rules and these Terms and Conditions, which, as the case may be, can develop and change over time.</li>\r\nIn case that the User breaches these Conditions, the Provider is entitled to delete the posts sent by the User. In case of repeated or serious breach of these Conditions, upon the sole decision of the Provider, the Provider is further entitled to suspend the User or to cancel the account of the User including the blocking of User’s access to the portal of the Provider.<br>\r\n</ul><p></p>\r\n<p style="margin-bottom: 0in"><span style="text-decoration:underline"></span>The Services will be subject to further\r\ndevelopment and evolution and may change from time to time, at the\r\nsole discretion of the Provider – including, but not limited to, \r\nchanging or stopping any features, creating limits on use or removing\r\ncontent.</p>\r\n<p><span style="text-decoration:underline"><br></span></p><p><span style="text-decoration:underline">Final Provisions</span><br>\r\nThese Conditions are made in English language and the agreement can be concluded only in English language. The User is entitled to save this counterpart of the Conditions and print it. These Conditions are kept at the Provider’s and the Provider shall enable the User to access them. \r\nAs the Provider is incorporated and has its registered office in the Czech Republic, the agreement will be governed by and interpreted in accordance with the laws of the Czech Republic.<br><br>\r\nThe Provider is entitled at any time to unilaterally change the content of these Conditions, where any changes of these Conditions become effective after they are made public and on the day determined by the Provider. In relation to every User, however, changes to these Conditions become effective only if the User agrees to such a change, where using the Services by the User after the effective date of change of the Conditions set by the Provider is considered a consent to such change. If the User does not agree with the change of the Conditions, the User is obliged to refrain from using the Services after the date set by the Provider as the effective date of change of the Conditions.<br><br>\r\nThese Conditions are valid and effective from 29 April, 2018.</p>', 'A', '2018-04-29 21:27:53', '2017-08-09 00:00:00', 'Terms of Use', 'Terms of Use'),
(5, 'privacy', 'Privacy', '<div id="show_0" class="shwdetails displayclass">\r\n<p>Your personal data will be processed by the company: Learneron, SE; business ID: 061 59 010; registered seat: Zahrebska 23, 120 00, Prague, Czech Republic; e-mail: <a href="mailto:administrator@learneron.net">administrator@learneron.net</a> as a personal data controller (“Controller”) on the basis of performance of a contract for the purpose of creating a user account and using services of the portal LearnerOn.Net. Further information about personal data processing and your rights are available in Privacy Overview. For more details click <a id="show_more_1" href="javascript:void(0);" onclick="show_details(''1'');">here</a>.</p></div>\r\n<div id="show_1" class="hidedetails displayclass">\r\n	<p>Your personal data will be processed by the company: Learneron, SE; business ID: 061 59 010; registered seat: Zahrebska 23, 120 00, Prague, Czech Republic; e-mail: <a href="mailto:administrator@learneron.net">administrator@learneron.net</a> as a personal data controller (“Controller”) on the basis of performance of a contract for the purpose of creating a user account and using services of the portal LearnerOn.Net.<br><br>\r\n	The personal data will be processed in the extent of name and surname (if provided by you), username, e-mail address, data about the communication within the portal, data generated by the user''s activity on the portal, data generated by web-monitoring analytical tools and data entered over or into the portal. The personal data processing is necessary for creating the user account and using services of the portal LearnerOn.Net.<br><br>\r\n	In case of suspicion that the Controller processes your personal data in breach of privacy protection or in breach of law, you are entitled to demand an explanation from the Controller and to seek a rectification of the unsound situation from the Controller. You are also entitled to ask for blocking, rectification, completion or removal of personal data, information about your personal data processing and you have a right to access your personal data and other rights stipulated in the Czech Act No. 121/2000 Coll., on personal data protection and on amendment of some acts, as amended, which implements Directive 95/46/EC of the European Parliament and of the Council of 24 October 1995 on the protection of individuals with regard to the processing of personal data and on the free movement of such data.<br>\r\n	Further information on privacy protection, personal data processing and your rights are available in <a id="show_more_2" href="javascript:void(0);" onclick="show_details(''2'');">Privacy Policy</a>.</p>\r\n</div>\r\n\r\n<div id="show_2" class="hidedetails displayclass">\r\n	<p>Your personal data will be processed by the company: Learneron, SE; business ID: 061 59 010; registered seat: Zahrebska 23, 120 00, Prague, Czech Republic; e-mail: <a href="mailto:administrator@learneron.net">administrator@learneron.net</a> as a personal data controller (“Controller”) on the basis of performance of a contract for the purpose of creating a user account and using services of the portal LearnerOn.Net.<br><br>\r\n	The personal data will be processed in the extent of name and surname (if provided by you), username, e-mail address, data about the communication within the portal, data generated by the user''s activity on the portal, data generated by web-monitoring analytical tools and data entered over or into the portal. The personal data processing is necessary for creating the user account and using services of the portal LearnerOn.Net.<br><br>\r\n	The personal data will be processed until the end of force of the agreement between you and the Controller.<br><br>\r\n	In case of suspicion that the Controller processes your personal data in breach of privacy protection or in breach of law, especially if your personal data are inaccurate with regard to the purpose of their processing, you are entitled to demand an explanation from the Controller and to seek a rectification of the situation from the Controller. You are also entitled to ask for blocking, rectification, completion or removal of personal data. Provided that the demand pursuant to the previous sentences is found reasonable, the Controller shall rectify the defect.<br><br>\r\n	If you require information about your personal data processing, the Controller is obliged to provide you with these information. For provision of these information, the Controller is entitled to seek compensation not exceeding the expenses for provision of these information.<br><br>\r\n	You are further always entitled to ask the Controller for the access to your personal data or to carry out other rights stipulated in the Czech Act No. 121/2000 Coll., on personal data protection and on amendment of some acts, as amended, which implements Directive 95/46/EC of the European Parliament and of the Council of 24 October 1995 on the protection of individuals with regard to the processing of personal data and on the free movement of such data.<br><br>\r\n	This Privacy Policy will be amended on 25 May 2018 in connection with applicability of the Regulation (EU) 2016/679 of the European Parliament and of the Council of 27 April 2016 on the protection of natural persons with regard to the processing of personal data and on the free movement of such data, and repealing Directive 95/46/EC (General Data Protection Regulation). The new version of this Privacy Policy applicable from 25 May 2018 is available <a id="show_more_3" href="javascript:void(0);" onclick="show_details(''3'');">here</a>.</p>\r\n</div>\r\n\r\n<div id="show_3" class="hidedetails displayclass">\r\n	<h5>Privacy policy valid from 25 May 2018</h5>\r\n	<p>Our personal data will be processed by the company: Learneron, SE; business ID: 061 59 010; registered seat: Zahrebska 23, 120 00, Prague, Czech Republic; e-mail: <a href="mailto:administrator@learneron.net">administrator@learneron.net</a> as a personal data controller (“Controller”) on the basis of performance of a contract for the purpose of creating a user account and using services of the portal LearnerOn.Net.<br><br>\r\n	The personal data will be processed in the extent of name and surname (if provided by you), username, e-mail address, data about the communication within the portal, data generated by the user''s activity on the portal, data generated by web-monitoring analytical tools and data entered over or into the portal. The personal data processing is necessary for creating the user account and using services of the portal LearnerOn.Net. You may decline to provide the Controller with the personal data, in such case, however, the creation of the user account and subsequent provision of services of the portal LearnerOn.Net will not be possible.<br><br>\r\n	The personal data will be processed until the end of force of the agreement between you and the Controller. You are entitled to ask for access to personal data, their rectification, completion, erasure, limitation of the processing, explanation of the processing, to raise an objection against processing of data, and you have a right to data portability and right to lodge a complaint against the personal data processing with the Czech Office for Personal Data Protection.</p>\r\n</div>', 'A', '2018-02-17 17:24:32', '2017-08-09 00:00:00', 'Privacy', 'Privacy'),
(6, 'contact us', 'Contact Us', '', 'A', '2017-08-09 00:00:00', '2017-08-09 00:00:00', 'Contact Us', 'Contact Us'),
(7, 'processing my data', 'Your personal data', '<p>Your personal data, i.e. identification and contact details and data about communications within the portal, will be processed by Learneron, SE, for the purpose of creating a user account and using services of the portal  - including personalised search results, suggestions, answers, learning paths, courses, learning providers and vendors offerings or ads and, also, further improving and developing the current or future portal services and performance; also, for occasional contacts by the portal on potentially relevant portal’s, or associated or third parties offerings related to the portal’s main purpose. Further information about personal data processing and your rights are available in <a href="privacy">Privacy Policy</a>.</p>', 'A', '2017-10-07 06:37:07', '2017-10-07 06:37:07', 'Your personal data', 'Your personal data');

-- --------------------------------------------------------

--
-- Table structure for table `learn_common_settings`
--

CREATE TABLE IF NOT EXISTS `learn_common_settings` (
  `id` int(11) NOT NULL AUTO_INCREMENT,
  `facebook_link` varchar(255) NOT NULL,
  `twitter_link` varchar(255) NOT NULL,
  `google_plus_link` varchar(255) NOT NULL,
  `linkedin` varchar(255) NOT NULL,
  `email` varchar(255) NOT NULL,
  `phone_number` varchar(30) NOT NULL,
  `address` varchar(255) NOT NULL,
  `footer_text` varchar(255) NOT NULL,
  `question_approval` enum('1','0') NOT NULL DEFAULT '0' COMMENT '1 => Need approval, 0 => Not needed',
  `question_answer_approval` enum('1','0') NOT NULL DEFAULT '0' COMMENT '1 => Need approval, 0 => Not needed',
  `question_comment_approval` enum('1','0') NOT NULL DEFAULT '0' COMMENT '1 => Need approval, 0 => Not needed',
  `answer_comment_approval` enum('1','0') NOT NULL DEFAULT '0' COMMENT '1 => Need approval, 0 => Not needed',
  `news_comment_approval` enum('1','0') NOT NULL DEFAULT '0' COMMENT '1 => Need approval, 0 => Not needed',
  `modified` datetime NOT NULL,
  `created` datetime NOT NULL,
  PRIMARY KEY (`id`)
) ENGINE=InnoDB  DEFAULT CHARSET=latin1 AUTO_INCREMENT=2 ;

--
-- Dumping data for table `learn_common_settings`
--

INSERT INTO `learn_common_settings` (`id`, `facebook_link`, `twitter_link`, `google_plus_link`, `linkedin`, `email`, `phone_number`, `address`, `footer_text`, `question_approval`, `question_answer_approval`, `question_comment_approval`, `answer_comment_approval`, `news_comment_approval`, `modified`, `created`) VALUES
(1, 'none', 'https://twitter.com/learneronse', 'none', 'none', 'administrator@learneron.net', 'none', '', '', '0', '0', '0', '0', '0', '2018-01-28 20:39:15', '2016-11-25 14:54:50');

-- --------------------------------------------------------

--
-- Table structure for table `learn_contacts`
--

CREATE TABLE IF NOT EXISTS `learn_contacts` (
  `id` int(11) NOT NULL AUTO_INCREMENT,
  `name` varchar(100) NOT NULL,
  `user_name` varchar(100) NOT NULL,
  `email` varchar(200) NOT NULL,
  `phone_number` varchar(30) NOT NULL,
  `subject` varchar(100) NOT NULL,
  `message` text NOT NULL,
  `status` varchar(1) NOT NULL DEFAULT 'A' COMMENT 'A=>Active, I=>Inactive',
  `modified` datetime NOT NULL,
  `created` datetime NOT NULL,
  PRIMARY KEY (`id`)
) ENGINE=InnoDB  DEFAULT CHARSET=latin1 AUTO_INCREMENT=25 ;

--
-- Dumping data for table `learn_contacts`
--

INSERT INTO `learn_contacts` (`id`, `name`, `user_name`, `email`, `phone_number`, `subject`, `message`, `status`, `modified`, `created`) VALUES
(4, 'Sanjay', 'sanja', '100websolution@gmail.com', '9876543210', 'test subject', 'This is a message', 'A', '2017-09-10 08:18:48', '2017-09-10 08:18:48'),
(5, 'Sujoy', 'suj', 'suj@gmail.com', '9876543210', 'test subject', 'this is testing', 'A', '2017-09-10 15:27:57', '2017-09-10 15:27:57'),
(6, 'baby', 'baby', 'baby@baby.com', '', '', 'hi', 'A', '2017-09-23 19:26:11', '2017-09-23 19:26:11'),
(7, 'Learner1', 'Learner1', 'administrator@learneron.net', '', 'question', 'question', 'A', '2017-10-08 18:43:33', '2017-10-08 18:43:33'),
(8, 'Rams', 'Rams Dean', 'sanjoy86.jk@gmail.com', '9876543210', 'This is testing subject', 'my comments are listed below...', 'A', '2017-10-10 20:47:46', '2017-10-10 20:47:46'),
(9, 'sdf', 'sdf', 'dsfds@fsdf.cv', '9477482876', 'sdf', 'sdfs df sdf', 'A', '2017-10-15 20:47:40', '2017-10-15 20:47:40'),
(10, 'Sukanta Sarkar', 'sukanta', 'sukanta.info2@gmail.com', '9477482876', 'test', 'test message 123 test message 123 test message 123 test message 123 test message 123 test message 123 test message 123 test message 123 test message 123 ', 'A', '2017-10-15 20:49:58', '2017-10-15 20:49:58'),
(11, 'Mr Big', 'Learner1', 'administrator@learneron.net', '', '', 'Hi, are you there?', 'A', '2017-10-22 11:14:06', '2017-10-22 11:14:06'),
(12, 'Learner1', 'Learner1', 'spinskillsup@gmail.com', '', 'Hi', 'Hi', 'A', '2017-11-12 14:22:10', '2017-11-12 14:22:10'),
(13, 'test', 'testing', 'sanjoy86.jk@gmail.com', '9876543210', 'hi my subject', 'this is testing email', 'A', '2017-11-13 18:26:21', '2017-11-13 18:26:21'),
(14, 'Mitkar', 'testing', 'sanjoy86.jk@gmail.com', '9876543210', 'hi my subject', 'hkllklj', 'A', '2017-11-13 18:42:31', '2017-11-13 18:42:31'),
(15, 'Learner1', 'Learner1', 'severav@seznam.cz', '', 'question', 'Is this working on November 26?', 'A', '2017-11-26 13:32:59', '2017-11-26 13:32:59'),
(16, 'aa', 'a', 'administrator@learneron.net', '', '2nd Nov 26', 'second attempt on Nov26', 'A', '2017-11-26 13:36:54', '2017-11-26 13:36:54'),
(17, 'a', 'a', 'severav@seznam.cz', '', 'trying', '3rd attempt on NOv 26', 'A', '2017-11-26 13:41:17', '2017-11-26 13:41:17'),
(18, 'a', 'aa', 'severav@seznam.cz', '', 'hi', 'Nov 26, 4th attempt', 'A', '2017-11-26 13:48:54', '2017-11-26 13:48:54'),
(19, 'Ja', 'Learner1', 'severav@seznam.cz', '', '', 'Nov 27 - is it working?', 'A', '2017-11-27 05:19:03', '2017-11-27 05:19:03'),
(20, 'severav', 'severav', 'severav@seznam.cz', '', 'indirect mail', 'indirect mail', 'A', '2017-12-10 13:04:19', '2017-12-10 13:04:19'),
(21, 'Diana Williams', '-', 'will.i.amsddiana@gmail.com', '', 'Question about your website', 'What would a huge increase in relevant traffic mean for your business? If I could greatly increase the amount of customers who are interested in your products and services, wouldn''t you be interested', 'A', '2018-03-10 08:20:01', '2018-03-10 08:20:01'),
(22, 'Susan Miller', 'Susan Miller', 'Susan@video1us.com', '610-222-6056', 'your website', '\r\nHello, I recently visited your website and wanted to comment on how nice it looks.\r\n \r\nWe work with businesses like yours to create a unique marketing / promotional video that tells the story of your business, proven to quickly attract new visitors and customers to your site.\r\n \r\nThe short video below shows exactly what this custom-made video can do for your company:\r\n \r\nhttp://www.video1us.com/?wemail=learneron.net\r\n \r\nVisit today and we’ll send you a Free 2 page marketing report for your website.\r\n \r\nIf you do take time to view it, I’d love to hear your thoughts.\r\n \r\nThank you. \r\n \r\nSusan Miller\r\nClient Support Manager\r\nYour Video\r\n860 First ave.\r\nKing of Prussia PA, 19406\r\n\r\n\r\n\r\n\r\n\r\n\r\n\r\n\r\nIf you received this commercial message by mistake, I apologize. To prevent any future correspondence please visit: http://optout-site.com?site=learneron.net', 'A', '2018-04-10 15:53:53', '2018-04-10 15:53:53'),
(23, 'ss', 'ss', 'severav@seznam.cz', '', 'Where this email goes?', 'where this email goes?', 'A', '2018-04-15 09:40:13', '2018-04-15 09:40:13'),
(24, 'aa', 'Learner3', 'severav3@gmail.com', '', 'Account Settings', 'How is the Account settings working?', 'A', '2018-04-21 20:09:29', '2018-04-21 20:09:29');

-- --------------------------------------------------------

--
-- Table structure for table `learn_contact_replies`
--

CREATE TABLE IF NOT EXISTS `learn_contact_replies` (
  `id` int(11) NOT NULL AUTO_INCREMENT,
  `contact_id` int(11) NOT NULL,
  `reply_message` text NOT NULL,
  `created` datetime NOT NULL,
  PRIMARY KEY (`id`)
) ENGINE=InnoDB  DEFAULT CHARSET=latin1 AUTO_INCREMENT=15 ;

--
-- Dumping data for table `learn_contact_replies`
--

INSERT INTO `learn_contact_replies` (`id`, `contact_id`, `reply_message`, `created`) VALUES
(1, 4, '<p>thanks..<br></p>', '2017-10-12 19:37:01'),
(2, 4, '<p>Testing on</p>', '2017-10-13 20:40:03'),
(3, 4, '<p>Testing on<span style="font-size: 1rem;">Testing on</span><span style="font-size: 1rem;">Testing on</span><span style="font-size: 1rem;">Testing on</span><span style="font-size: 1rem;">Testing on</span><span style="font-size: 1rem;">Testing on</span><span style="font-size: 1rem;">Testing on</span><span style="font-size: 1rem;">Testing on</span><span style="font-size: 1rem;">Testing on</span><span style="font-size: 1rem;">Testing on</span><span style="font-size: 1rem;">Testing on</span><span style="font-size: 1rem;">Testing on</span><span style="font-size: 1rem;">Testing on</span><span style="font-size: 1rem;">Testing on</span><span style="font-size: 1rem;">Testing on</span><span style="font-size: 1rem;">Testing on</span><span style="font-size: 1rem;">Testing on</span><span style="font-size: 1rem;">Testing on</span><span style="font-size: 1rem;">Testing on</span><span style="font-size: 1rem;">Testing on</span><span style="font-size: 1rem;">Testing on</span><span style="font-size: 1rem;">Testing on</span><span style="font-size: 1rem;">Testing on</span><br></p>', '2017-10-13 20:40:24'),
(6, 4, '<p>happy testing<br></p>', '2017-10-29 18:39:08'),
(7, 10, '<p>Hi<br></p>', '2017-11-13 19:23:13'),
(8, 10, '<p>This is another reply from admin</p>', '2017-11-20 19:23:29'),
(9, 12, '<p>hi, is it working now?</p><p><br></p><p><br></p><p><br></p><p><br></p><p><br></p><p><br></p>', '2017-11-26 12:46:33'),
(10, 17, '<p>3rd answer<br></p>', '2017-11-26 13:42:04'),
(11, 15, '<p>1st answer<br></p>', '2017-11-26 13:42:51'),
(12, 16, '<p>2nd&nbsp; answer<br></p>', '2017-11-26 13:43:22'),
(13, 20, '<p>Testing the learneron connecting email<br></p>', '2018-01-28 14:49:24'),
(14, 20, '<p>Hi, this is a reply.<br></p>', '2018-04-10 19:20:55');

-- --------------------------------------------------------

--
-- Table structure for table `learn_faqs`
--

CREATE TABLE IF NOT EXISTS `learn_faqs` (
  `id` int(11) NOT NULL AUTO_INCREMENT,
  `question` varchar(255) NOT NULL,
  `slug` varchar(255) NOT NULL,
  `answer` text NOT NULL,
  `status` enum('A','I') NOT NULL DEFAULT 'I' COMMENT '''A'' => Active, ''I'' => Inactive',
  `modified` datetime NOT NULL,
  `created` datetime NOT NULL,
  PRIMARY KEY (`id`)
) ENGINE=InnoDB  DEFAULT CHARSET=latin1 AUTO_INCREMENT=11 ;

--
-- Dumping data for table `learn_faqs`
--

INSERT INTO `learn_faqs` (`id`, `question`, `slug`, `answer`, `status`, `modified`, `created`) VALUES
(4, 'What are the benefits of signing up and becoming LearnerOn.Net registered user, as opposed to staying as an unregistered site viewer?', 'what-are-the-benefits-of-signing-up-and-becoming-learneron-net-registered-user-as-opposed-to-staying-as-an-unregistered-site-viewer', 'While the site content is generally available to unregistered viewers who can browse the Questions and Answers material, read the News &amp; Views and make use of these, the registered and signed users are in addition getting an access to a multiple of features and functionalities:\r\n<ul>\r\n	<li>the key user''s activity - asking a Question, placing and Answer or posting a Comment on the site - can be done only by registered users,</li>\r\n	<li>registration also allows to participate in the voting on Answers placed on the site, which is very valuable feature for the learning community</li>\r\n	<li>registered users can get automatic notification of new Answers posted on their questions, on new Questions in a category of interest, and also can subscribe to automatic notification on new News &amp; Views content and postings, as well as to the Twitter version of them,</li>\r\n	<li>LearnerOn.Net development does not stop here: new functionalities for the site users are intended and postings on them, if and when they become available, will be part of the site <a href="news">News &amp; Views</a> stream.</li>\r\n</ul>', 'A', '2017-10-29 05:36:05', '2017-07-25 18:52:10'),
(5, 'How a question can be posted on the LearnerOn.Net site?', 'how-a-question-can-be-posted-on-the-learneron-net-site-1', 'Similarly to posting a question (please see above the Q related to a question posting), you first need to sign up and / or log in to the site before you will be able to post a comment or an answer.  Then, anywhere on the site where you can view a question posted, you can add your comment or place an answer to that question (in the <a href="news">News &amp; Views</a> section of the site, you can also place comment to the <a href="news">News &amp; Views</a> item of your interest). Please note that a full answer to a question on the LearnerOn.Net site consists of three parts, and ideally each of them should be filled to provide maximum utility for the user who is asking: i) Learning Path Recommendation – in this part, the succession of recommended courses or practical steps to learn the subject of interest should be included; ii) What Was Your Learning Experience – eg, quality, availability and attention of the lecturerers, of the lectures themselves, of the shared / available course materials, rating of the content / delivery would be good to place here; iii) What Was Your Learning Utility – matters as, eg, what in restropsect was the major take-away of your learning experience, how useful and practical it really was in helping you to achieve your goal (eg, finding new job, getting a salary progression, mastering the skill you needed, any other applicable goal) fits here.', 'A', '2017-10-29 05:32:09', '2017-07-25 19:05:02'),
(6, 'How an answer or a comment can be posted on the LearnerOn.Net site?', 'how-an-answer-or-a-comment-can-be-posted-on-the-learneron-net-site', 'Similarly to posting a question (please see above the Q related to a question posting), you first need to sign up and / or log in to the site before you will be able to post a comment or an answer.  Then, anywhere on the site where you can view a question posted, you can add your comment or place an answer to that question (in the <a href="news">News &amp; Views</a> section of the site, you can also place comment to the <a href="news">News &amp; Views</a> item of your interest). Please note that a full answer to a question on the LearnerOn.Net site consists of three parts, and ideally each of them should be filled to provide maximum utility for the user who is asking: i) Learning Path Recommendation – in this part, the succession of recommended courses or practical steps to learn the subject of interest should be included; ii) What Was Your Learning Experience – eg, quality, availability and attention of the lecturerers, of the lectures themselves, of the shared / available course materials, rating of the content / delivery would be good to place here; iii) What Was Your Learning Utility – matters as, eg, what in restropsect was the major take-away of your learning experience, how useful and practical it really was in helping you to achieve your goal (eg, finding new job, getting a salary progression, mastering the skill you needed, any other applicable goal) fits here.', 'A', '2017-10-29 05:33:04', '2017-07-25 19:05:16'),
(7, 'I submitted a Question (Answer, Comment) on the site, but do not see it appearing there yet', 'i-submitted-a-question-answer-comment-on-the-site-but-do-not-see-it-appearing-there-yet', '<p>All user''s posts on the site are going through an appoval procedure, which may need certain time – therefore, please be a little patient. You however will be notified on your registered email address when your post goes live (or if it needs a review or an adjustment), thus your post will not go on screen unnoticed by you!</p><p>In the meantime, whether already posted on the site or not yet, all your posts (Questions, Answers or Comments) can be found in your individual User''s section in the upper right corner of the page - if you move cursor on your name there when you are logged in, see the section All Submission in the roll-out menu.<br></p>', 'A', '2018-01-21 20:04:54', '2017-07-25 19:05:30'),
(8, 'Do the site posts need to be solely in English? Are there any language standards for the site?', 'do-the-site-posts-need-to-be-solely-in-english-are-there-any-language-standards-for-the-site', '<p>At the moment, the site''s language is English and right now we do not have any other language versions. The language standards are simple - posts need to be in line with the site Terms of Use (thus, eg, no offensive language or hate terms are allowed to be part of a post), and, also, the meaning of the post needs to be clear (thus, use of proper English is desirable) and reflecting the purpose of the site and the particular section (learning path Question, Answer, Comment or similar). If the post does not fulfill the above standards, it may be returned back to the posting user for editing or not allowed to be posted. Thus, the recommendation is to write relevant posts and in a good English - not perhaps for the site being just for English purists, but for the sake of clear meaning of the posts, which then help to attract clear and relevant answers and comments too.<br></p>', 'A', '2018-01-21 19:36:09', '2017-11-12 10:47:45'),
(9, 'Can LearnerOn.Net help me to find a job?', 'can-learneron-net-help-me-to-find-a-job', '<p class="MsoNormal" style="mso-margin-top-alt:auto;mso-margin-bottom-alt:auto"><!--[if gte mso 9]><xml>\r\n <o:OfficeDocumentSettings>\r\n  <o:AllowPNG/>\r\n </o:OfficeDocumentSettings>\r\n</xml><![endif]--><!--[if gte mso 9]><xml>\r\n <w:WordDocument>\r\n  <w:View>Normal</w:View>\r\n  <w:Zoom>0</w:Zoom>\r\n  <w:TrackMoves/>\r\n  <w:TrackFormatting/>\r\n  <w:PunctuationKerning/>\r\n  <w:ValidateAgainstSchemas/>\r\n  <w:SaveIfXMLInvalid>false</w:SaveIfXMLInvalid>\r\n  <w:IgnoreMixedContent>false</w:IgnoreMixedContent>\r\n  <w:AlwaysShowPlaceholderText>false</w:AlwaysShowPlaceholderText>\r\n  <w:DoNotPromoteQF/>\r\n  <w:LidThemeOther>EN-US</w:LidThemeOther>\r\n  <w:LidThemeAsian>X-NONE</w:LidThemeAsian>\r\n  <w:LidThemeComplexScript>X-NONE</w:LidThemeComplexScript>\r\n  <w:Compatibility>\r\n   <w:BreakWrappedTables/>\r\n   <w:SnapToGridInCell/>\r\n   <w:WrapTextWithPunct/>\r\n   <w:UseAsianBreakRules/>\r\n   <w:DontGrowAutofit/>\r\n   <w:SplitPgBreakAndParaMark/>\r\n   <w:EnableOpenTypeKerning/>\r\n   <w:DontFlipMirrorIndents/>\r\n   <w:OverrideTableStyleHps/>\r\n   <w:UseFELayout/>\r\n  </w:Compatibility>\r\n  <m:mathPr>\r\n   <m:mathFont m:val="Cambria Math"/>\r\n   <m:brkBin m:val="before"/>\r\n   <m:brkBinSub m:val="&#45;-"/>\r\n   <m:smallFrac m:val="off"/>\r\n   <m:dispDef/>\r\n   <m:lMargin m:val="0"/>\r\n   <m:rMargin m:val="0"/>\r\n   <m:defJc m:val="centerGroup"/>\r\n   <m:wrapIndent m:val="1440"/>\r\n   <m:intLim m:val="subSup"/>\r\n   <m:naryLim m:val="undOvr"/>\r\n  </m:mathPr></w:WordDocument>\r\n</xml><![endif]--><span style="mso-ascii-font-family:Calibri;mso-hansi-font-family:Calibri;mso-bidi-font-family:\r\nCalibri">The purpose of the LearnerOn.Net\r\nsite is not a job search, or an online job agency / job mediation. It\r\nhowever may help the site users to improve their job prospects indirectly – by\r\nallowing to post Lifelong Learning / Adult Education questions, and to get\r\nanswers on useful learning paths, courses and similar matters from the\r\ncommunity of fellow learners – &nbsp;and also to get answered possible\r\nquestions on how useful the learning paths were in, e.g., &nbsp;applying for\r\nnew jobs. <br></span></p>\r\n\r\n', 'A', '2018-01-21 19:56:38', '2018-01-21 19:56:38'),
(10, 'What if I cannot find the tag(s), which would best reflect the Question I am about to post?', 'what-if-i-cannot-find-the-tag-s-which-would-best-reflect-the-question-i-am-about-to-post', '<p>Tags (and, possibly, also categories) will be an evolving set and they will be ongoingly updated by the site team. If, e.g., the tag(s) you would deem the most appropriate for your post would be missing in the offered possibilities, write us your suggestion to <a href="http://learneron.net/contact-us">Contact Us</a>.<br></p>', 'A', '2018-01-21 20:15:52', '2018-01-21 20:15:30');

-- --------------------------------------------------------

--
-- Table structure for table `learn_news`
--

CREATE TABLE IF NOT EXISTS `learn_news` (
  `id` int(11) NOT NULL AUTO_INCREMENT,
  `category_id` int(11) DEFAULT NULL COMMENT 'News Category Id from "news_categories" table',
  `user_id` int(11) DEFAULT NULL COMMENT 'User Id from "users" table',
  `name` varchar(255) DEFAULT NULL,
  `slug` varchar(255) DEFAULT NULL,
  `description` text NOT NULL,
  `image` varchar(255) DEFAULT NULL,
  `meta_keywords` text NOT NULL,
  `meta_description` text NOT NULL,
  `status` enum('A','I') NOT NULL DEFAULT 'I',
  `view` int(11) DEFAULT NULL COMMENT 'total views',
  `created` datetime NOT NULL,
  `modified` datetime NOT NULL,
  PRIMARY KEY (`id`)
) ENGINE=InnoDB  DEFAULT CHARSET=latin1 AUTO_INCREMENT=9 ;

--
-- Dumping data for table `learn_news`
--

INSERT INTO `learn_news` (`id`, `category_id`, `user_id`, `name`, `slug`, `description`, `image`, `meta_keywords`, `meta_description`, `status`, `view`, `created`, `modified`) VALUES
(1, 22, NULL, 'Test News', 'test-news-1', '<p>Test description<br></p>', 'news_image_150080972760.jpg', 'Test ', 'Test meta description', 'I', 14, '2017-07-23 11:12:28', '2017-08-17 19:03:19'),
(2, 23, 1, 'test', 'test', 'dfsdf', NULL, '', '', 'I', 22, '2017-07-25 03:10:00', '2017-08-24 00:27:19'),
(3, 22, NULL, 'Rio - Movie', 'rio-movie', '<p><br></p><p>Lorem Ipsum is simply dummy text of the printing &amp; typesetting industry. </p><p><br></p>', 'news_image_15024749913.jpg', '', '', 'I', 26, '2017-08-12 18:09:51', '2017-08-24 20:21:50'),
(4, 24, NULL, 'Kids movie -Kunfu', 'kids-movie-kunfu', '<p>Lorem Ipsum is simply dummy text of the printing &amp; typesetting industry. </p><p><br></p>', 'news_image_15024750403.jpg', '', '', 'I', 20, '2017-08-08 18:10:40', '2017-08-24 00:27:48'),
(5, 23, 1, 'Kids movie -Kunfu 1', 'kids-movie-kunfu-1', '<p>Lorem ipsum dolor sit amet, consecteter adipiscing elit , sed diam nonummy nibh euin mod tincidunt&nbsp; ut laoreet dolore magna aliquam erat volutpat. Ut wisi enim ad minimi&nbsp; iam, quis nostrud exerci. Lorem ipsum dolor sit amet, consecteter adipiscing elit , sed diam nonummy nibh euin mod tincidunt&nbsp; ut laoreet dolore magna aliquam erat volutpat. Ut wisi enim ad minimi&nbsp; iam, quis nostrud exerci. Lorem ipsum dolor sit amet, consecteter adipiscing elit , sed diam nonummy nibh euin mod tincidunt&nbsp; ut laoreet dolore magna aliquam erat volutpat. Ut wisi enim ad minimi&nbsp; iam, quis nostrud exerci. Lorem ipsum dolor sit amet, consecteter adipiscing elit , sed diam nonummy nibh euin mod tincidunt&nbsp; ut laoreet dolore magna aliquam erat volutpat. Ut wisi enim ad minimi&nbsp; iam, quis nostrud exerci. Lorem ipsum dolor sit amet, consecteter adipiscing elit , sed diam nonummy nibh euin mod tincidunt&nbsp; ut laoreet dolore magna aliquam erat volutpat. Ut wisi enim ad minimi&nbsp; iam, quis nostrud exerci. Lorem ipsum dolor sit amet, consecteter adipiscing elit , sed diam nonummy nibh euin mod tincidunt&nbsp; ut laoreet dolore magna aliquam erat volutpat. Ut wisi enim ad minimi&nbsp; iam, quis nostrud exerci. Lorem ipsum dolor sit amet, consecteter adipiscing elit , sed diam nonummy nibh euin mod tincidunt&nbsp; ut laoreet dolore magna aliquam erat volutpat. Ut wisi enim ad minimi&nbsp; iam, quis nostrud exerci. Lorem ipsum dolor sit amet, consecteter adipiscing elit , sed diam nonummy nibh euin mod tincidunt&nbsp; ut laoreet dolore magna aliquam erat volutpat. Ut wisi enim ad minimi&nbsp; iam, quis nostrud exerci. Lorem ipsum dolor sit amet, consecteter adipiscing elit , sed diam nonummy nibh euin mod tincidunt&nbsp; ut laoreet dolore magna aliquam erat volutpat. Ut wisi enim ad minimi&nbsp; iam, quis nostrud exerci. Lorem ipsum dolor sit amet, consecteter adipiscing elit , sed diam nonummy nibh euin mod tincidunt&nbsp; ut laoreet dolore magna aliquam erat volutpat. Ut wisi enim ad minimi&nbsp; iam, quis nostrud exerci. Lorem ipsum dolor sit amet, consecteter adipiscing elit , sed diam nonummy nibh euin mod tincidunt&nbsp; ut laoreet dolore magna aliquam erat volutpat. Ut wisi enim ad minimi&nbsp; iam, quis nostrud exerci. Lorem ipsum dolor sit amet, consecteter adipiscing elit , sed diam nonummy nibh euin mod tincidunt&nbsp; ut laoreet dolore magna aliquam erat volutpat. Ut wisi enim ad minimi&nbsp; iam, quis nostrud exerci.</p>', 'news_image_15024751169.jpg', 'Kids movie -Kunfu 1 meta key', 'Kids movie -Kunfu 1 meta description', 'I', 24, '2017-08-10 18:11:56', '2017-08-24 00:26:59'),
(6, 24, NULL, 'Todays news', 'todays-news', '<p>hi this is todays news<br></p>', 'news_image_15025336230.jpg', '', '', 'I', 28, '2017-08-12 10:27:03', '2017-08-24 00:23:18'),
(7, 26, NULL, 'LearnerOn.Net in testing mode!', 'learneron-net-in-testing-mode', '<p>Today, after a few months of thinking, designing and developing, we started the pre-launch preparation and cleaning of the LearnerOn.Net live site, past its development. Although in the open web world already, not yet publicly launched - we are currently cleaning the testing strings, setting initial categories and tags, trying to catch obvious bugs (with more bugs we are sure to be caught after the launch) - but the launch is close! This all is a learning experience of its kind too. And more of the genuine Lifelong Learning experiences to be shared over our site soon.</p><p>Wishing you an inspiring Lifelong Learning,</p><p>LearnerOn.Net team<br></p>', 'news_image_15178492978.png', 'testing mode, LearnerOn.Net', 'operating news', 'A', 39, '2018-02-05 16:48:17', '2018-02-05 16:48:17'),
(8, 26, NULL, 'Just testing news', 'just-testing-news', '<p>Just test<br></p>', 'news_image_15179464809.png', '', '', 'A', 17, '2018-02-06 19:48:00', '2018-02-06 19:48:00');

-- --------------------------------------------------------

--
-- Table structure for table `learn_newsletter_subscriptions`
--

CREATE TABLE IF NOT EXISTS `learn_newsletter_subscriptions` (
  `id` int(11) NOT NULL AUTO_INCREMENT,
  `email` varchar(255) NOT NULL,
  `status` varchar(1) NOT NULL DEFAULT 'A' COMMENT 'A=>Active, I=>Inactive',
  `modified` datetime NOT NULL,
  `created` datetime NOT NULL,
  PRIMARY KEY (`id`)
) ENGINE=InnoDB DEFAULT CHARSET=latin1 AUTO_INCREMENT=1 ;

-- --------------------------------------------------------

--
-- Table structure for table `learn_news_categories`
--

CREATE TABLE IF NOT EXISTS `learn_news_categories` (
  `id` int(11) NOT NULL AUTO_INCREMENT,
  `parent_id` int(11) NOT NULL,
  `name` varchar(255) DEFAULT NULL,
  `slug` varchar(255) DEFAULT NULL,
  `status` enum('A','I') NOT NULL DEFAULT 'I' COMMENT 'A=>Active, I=>Inactive',
  `created` datetime DEFAULT NULL,
  `modified` datetime DEFAULT NULL,
  PRIMARY KEY (`id`)
) ENGINE=InnoDB  DEFAULT CHARSET=latin1 AUTO_INCREMENT=29 ;

--
-- Dumping data for table `learn_news_categories`
--

INSERT INTO `learn_news_categories` (`id`, `parent_id`, `name`, `slug`, `status`, `created`, `modified`) VALUES
(22, 0, 'Business', 'business', 'A', '2017-07-20 20:57:05', '2017-07-30 10:21:56'),
(23, 0, 'Technology', 'technology', 'A', '2017-07-30 10:22:13', '2017-07-30 10:22:13'),
(24, 0, 'Marketing', 'marketing', 'A', '2017-07-30 10:22:27', '2017-07-30 10:22:27'),
(26, 0, 'LearnerOn.Net site news', 'learneron-net-site-news', 'A', '2018-02-05 16:24:40', '2018-02-05 16:24:40'),
(27, 0, 'Lifelong Learning matters of interest', 'lifelong-learning-matters-of-interest', 'A', '2018-02-05 16:26:27', '2018-02-05 16:26:27'),
(28, 0, 'The future of employment in the learning context', 'the-future-of-employment-in-the-learning-context', 'A', '2018-02-05 16:27:33', '2018-02-05 16:27:33');

-- --------------------------------------------------------

--
-- Table structure for table `learn_news_comments`
--

CREATE TABLE IF NOT EXISTS `learn_news_comments` (
  `id` int(11) NOT NULL AUTO_INCREMENT,
  `user_id` int(11) NOT NULL DEFAULT '0',
  `news_id` int(11) NOT NULL,
  `name` varchar(255) DEFAULT NULL,
  `email` varchar(255) DEFAULT NULL,
  `comment` text NOT NULL,
  `status` enum('1','0') NOT NULL DEFAULT '0' COMMENT '1=>Active, 0=>Inactive',
  `user_ip` varchar(100) NOT NULL,
  `created` datetime NOT NULL,
  `modified` datetime NOT NULL,
  PRIMARY KEY (`id`)
) ENGINE=InnoDB  DEFAULT CHARSET=latin1 AUTO_INCREMENT=5 ;

--
-- Dumping data for table `learn_news_comments`
--

INSERT INTO `learn_news_comments` (`id`, `user_id`, `news_id`, `name`, `email`, `comment`, `status`, `user_ip`, `created`, `modified`) VALUES
(1, 0, 2, 'Test', 'test@gmail.com', 'this is testing comment', '0', '47.15.12.34', '2017-08-26 10:37:17', '2017-08-26 10:37:17'),
(2, 21, 6, NULL, NULL, 'test hjhk kkk', '0', '110.225.0.177', '2017-08-27 18:04:19', '2017-08-27 18:04:19'),
(3, 2, 6, NULL, NULL, 'hi boss', '0', '47.15.2.161', '2017-09-08 19:23:45', '2017-09-08 19:23:45'),
(4, 27, 6, NULL, NULL, 'Hi thi is test...', '0', '47.15.8.21', '2017-12-17 16:53:35', '2017-12-17 16:53:52');

-- --------------------------------------------------------

--
-- Table structure for table `learn_questions`
--

CREATE TABLE IF NOT EXISTS `learn_questions` (
  `id` int(11) NOT NULL AUTO_INCREMENT,
  `category_id` int(11) DEFAULT NULL COMMENT 'Question Category Id from "question_categories" table',
  `user_id` int(11) DEFAULT NULL COMMENT 'User id from "users" table',
  `name` text,
  `slug` text,
  `short_description` text,
  `learning_goal` text,
  `education_history` text NOT NULL,
  `budget_constraints` text,
  `preferred_learning_mode` text NOT NULL,
  `response_email` enum('Y','N') NOT NULL DEFAULT 'N' COMMENT '''Y'' => Need update through email, ''U'' => Not needed',
  `is_featured` enum('Y','N') NOT NULL DEFAULT 'N' COMMENT 'Featured question ot not',
  `user_type` enum('A','U','F','G','T','L') NOT NULL DEFAULT 'U' COMMENT '''A'' => Admin, ''U'' => Users, ''F'' => Facebook, ''G'' => GooglePlus, ''T'' => Twitter, ''L'' => ''LinkedIn''',
  `view` int(11) NOT NULL,
  `status` enum('A','I') NOT NULL DEFAULT 'I',
  `created` datetime DEFAULT NULL,
  `modified` datetime DEFAULT NULL,
  PRIMARY KEY (`id`)
) ENGINE=InnoDB  DEFAULT CHARSET=latin1 AUTO_INCREMENT=11 ;

--
-- Dumping data for table `learn_questions`
--

INSERT INTO `learn_questions` (`id`, `category_id`, `user_id`, `name`, `slug`, `short_description`, `learning_goal`, `education_history`, `budget_constraints`, `preferred_learning_mode`, `response_email`, `is_featured`, `user_type`, `view`, `status`, `created`, `modified`) VALUES
(3, 27, NULL, 'When has discrete understanding preceded continuous?', NULL, 'When has discrete understanding preceded continuous When has discrete understanding preceded continuous', '', '', '', '', 'N', 'N', 'A', 7, 'I', '2017-08-12 12:32:52', '2018-02-05 11:17:11'),
(4, 27, 1, 'What is business??', NULL, 'new short description new short descriptionnew short descriptionnew short descriptionnew short descriptionnew short descriptionnew short descriptionnew short descriptionnew short descriptionnew short descriptionnew short descriptionnew short descriptionnew short descriptionnew short descriptionnew short descriptionnew short descriptionnew short descriptionnew short descriptionnew short descriptionnew short descriptionnew short descriptionnew short descriptionnew short descriptionnew short descriptionnew short descriptionnew short description', '', '', '', '', 'N', 'N', 'U', 10, 'I', '2017-08-13 03:07:09', '2018-02-14 10:18:36'),
(5, 27, NULL, 'latest question', NULL, 'posted by me', '', '', '', '', 'N', 'N', 'A', 10, 'I', '2017-08-15 18:19:21', '2018-02-05 11:16:10'),
(6, 27, NULL, 'this is also a new question', NULL, 'by details ', '', '', '', '', 'N', 'N', 'A', 21, 'I', '2017-08-15 18:19:55', '2018-02-12 10:47:07'),
(7, 31, 27, 'How to learn English to be internationally employable', NULL, 'Hi, my goal would be learning English (this question I am writing with the help of a friend) to a level that I would be employable in international environment.', '<p>I am a SW developer and want to get employed in international firm. I suspect there I would need to be able to handle read / written English to understand well the specifications and team online collaborative tools as Slack or Trello, and spoken English to be able to handle international conference call without a translating help.<br></p>', '<p>I am Indian native, and in English I can handle reading technical / coding articles, but I am worse in written English (my grammar is rather imperfect and my written English, without a friend''s help, probably does not sound really English). I cannot read English books much - both the vocabulary and more complicated phrases are making that difficult for me to really comprehend and enjoy the reading. In spoken English, I again can comprehend a technical talk when it is slow and clearly spoken; much worse is my understanding of a general spoken English (eg, movies without subtitles are difficult for me). My spoken English is clumsy, basis and I suspect it sounds more Indian than English in terms of accent.<br></p>', '<p>I would be the most interest in an online way how to improve my English; I am having in mind a budget of tens up to hundred(s) of USD, depending on the quality of the learning resource. I would need to see an improvement in, say, 4-6 months - to be able to apply for an international job with a good chances.<br></p>', '<p>Online / over the web would be best; I do not know however whether it would allow also for spoken English practices?<br></p>', 'Y', 'N', 'U', 55, 'A', '2017-08-24 20:27:10', '2018-03-18 20:54:51'),
(8, 30, 21, 'Self-presentation courses - when becoming a freelancer', NULL, 'Hi All, my question is following: I have worked as a typist / typesetter in a text editing and printing company. Now I want to go independent and start, perhaps initially, as a freelancer in the field, and later on maybe establish my own small company. I know I need to learn accounting etc and a basis law, but most of all I feel I need to get the skill (or confidence?) how to present myself or my work. Any recommendation how to learn it?', '<p>To confidently present myself (as a professional in my field) and my work when meeting prospective clients and applying for jobs and projects in my field.<br></p>', 'I know how to prepare visually good presentations in powerpoint and similar tools. I can normally speak well to unknown people - but, when speaking to business prospects when I need to "pitch" myself and getting or not getting the job from them is at stake, I am less confident, and this "game" is having certain specific rules, compared to an informal talk.<br>', '<p>I am having on mind a budget of a couple of USD 100s. But, maybe, good learning could also be out there for free - I just do not know.<br></p>', '<p>I am not against an online way of learning. I however feel, that this "self-presentation" learning will entail to practicing, which may not be that easy to do online and better might be in person/<br></p>', 'Y', 'N', 'U', 135, 'A', '2017-08-31 12:58:19', '2018-04-25 19:06:52'),
(9, 28, 27, 'Learning Data Science', NULL, 'Hi all, I am having decent Python and PHP coding skills, and want to become a Data Scientist. What learning path should I take?', 'To be proficient at the classical data science algorithms and models (eg, decision trees, clustering, various regressions and classification models etc). AT the beginning, I probably do not aspire to be too good in deep learning, which I read about is an advanced topic - so I want to start from where the need is.<br>', 'I know well how to code in PHP and Python. I am coding web applications in PHP. In Python, I am writing scripts automating repetitive tasks, thus know all of Python variably types, classes / methods / etc, list comprehensions and so on. I know NumPy to an extent.<br>', '<p>Budget depends on the choices. If there is a good online course, then I think of spending USD 100s. If in-person bootcamp, then I would think of a couple of USD 1000s. My other constraint is time: ideally, I want to study along my existing daily job. However, I could perhaps spare some 2-3 months for full time study too, but not more.<br></p>', '<p>I learned my coding from the online tutorials mostly, but Data Science seems to be more involved and I am afraid of ending us as "useless amateur" if go solely online. Thus online interactive course would be a minimum I think, but the more in=person training to really learn, the better.<br></p>', 'Y', 'N', 'U', 63, 'A', '2017-09-08 19:11:33', '2018-04-29 07:55:17'),
(10, 31, 34, 'How to learn Spanish well?', NULL, 'Would you recommend me a learning path, and an institution, to learn the Spanish language from scratch?', '<p>First, to grasp the Spanish on a conversational level. Second, to be able to read books in Spanish. Third, to understand TV and movies in Spanish. In this order.<br></p>', 'I just understand a few words, otherwise I speak English as foreign language decently well. My native is Czech.', '<p>I would be happy to spend a budget of app USD 1-3 th. on it, depending on the intensity. I probably can spare 1 hour per day, and some 2 hours at selected days.<br></p>', '<p>Well, one on one or a small class would be great; I however can think of a combination of offline learning of the grammar and vocabulary, and face to face for corrections and conversation.<br></p>', 'Y', 'N', 'U', 114, 'A', '2017-09-10 20:40:18', '2018-04-21 10:37:06');

-- --------------------------------------------------------

--
-- Table structure for table `learn_question_answers`
--

CREATE TABLE IF NOT EXISTS `learn_question_answers` (
  `id` int(11) NOT NULL AUTO_INCREMENT,
  `question_id` int(11) NOT NULL COMMENT 'Question Id from questions table',
  `user_id` int(11) NOT NULL COMMENT 'User Id from "users" table',
  `learning_path_recommendation` text NOT NULL,
  `learning_experience` text NOT NULL,
  `learning_utility` text NOT NULL,
  `answer` text,
  `status` enum('A','I') NOT NULL DEFAULT 'I',
  `user_ip` varchar(255) NOT NULL,
  `created` datetime NOT NULL,
  `modified` datetime NOT NULL,
  PRIMARY KEY (`id`)
) ENGINE=InnoDB  DEFAULT CHARSET=latin1 AUTO_INCREMENT=17 ;

--
-- Dumping data for table `learn_question_answers`
--

INSERT INTO `learn_question_answers` (`id`, `question_id`, `user_id`, `learning_path_recommendation`, `learning_experience`, `learning_utility`, `answer`, `status`, `user_ip`, `created`, `modified`) VALUES
(1, 6, 27, '<p>test1<br></p>', '<p>test2<br></p>', 'test3<p><br></p>', NULL, 'I', '', '2017-08-26 20:39:56', '2017-08-26 20:39:56'),
(2, 6, 21, '<p>test test test test test test test test test test test test&nbsp;<br></p>', '<p>test test test test test test test test test test test test 000<br></p>', '<p>test test test test test test test test test test test test 111<br></p>', NULL, 'I', '', '2017-08-27 17:59:46', '2017-08-27 17:59:46'),
(3, 6, 27, '<p>test1<br></p>', '<p>test2<br></p>', '<p>test3<br></p>', NULL, 'I', '', '2017-08-27 18:27:08', '2017-08-27 18:27:08'),
(4, 8, 27, '<p>Modules 1-4 each require a post-module assignment to reinforce what is \r\nlearned in class. In Module 5, the assignment is accomplished during \r\nclass (with some evening work during the module). Each assignment and \r\nassociated readings may require up to 20 hours to complete. Module 6 \r\n(the practicum) involves the design, development, and facilitation of an\r\n actual training program and time requirements vary. Learners usually \r\ncomplete the practicum in 6 months or more of part-time work/study.<br></p>', '<p>Modules 1-4 each require a post-module assignment to reinforce what is \r\nlearned in class. In Module 5, the assignment is accomplished during \r\nclass (with some evening work during the module). Each assignment and \r\nassociated readings may require up to 20 hours to complete. Module 6 \r\n(the practicum) involves the design, development, and facilitation of an\r\n actual training program and time requirements vary. Learners usually \r\ncomplete the practicum in 6 months or more of part-time work/study.<br></p>', '<p>Modules 1-4 each require a post-module assignment to reinforce what is \r\nlearned in class. In Module 5, the assignment is accomplished during \r\nclass (with some evening work during the module). Each assignment and \r\nassociated readings may require up to 20 hours to complete. Module 6 \r\n(the practicum) involves the design, development, and facilitation of an\r\n actual training program and time requirements vary. Learners usually \r\ncomplete the practicum in 6 months or more of part-time work/study.<br></p>', NULL, 'I', '47.15.11.173', '2017-08-31 20:17:45', '2017-08-31 20:17:45'),
(5, 8, 1, '<p>I was in similar situation (although in different field - technical texts editing) - getting to be self-employed freelancer. I also was not sure how to communicate when in "selling myself" situation. As I am in the Czech republic, I took the following web-based courses - <a href="https://www.evyna.cz/kurzy">https://www.evyna.cz/kurzy</a> - which, if you can read in the Czech language, you will see are designed to support people in transition into the self-employed or starting entrepreneur position. The courses were for free for registered participants.<br></p>', '<p>The web-based courses on self-awareness and communication provided me with a good basis and understanding of what is important in presenting myself as a "self-selling" professional. The courses were well designed and smooth to take.<br></p>', '<p>As I wrote above, the learning outcome was my better confidence, self-awareness and understanding of the important things when communicating as a professional freelancer. Given it was web-based, it did not teach me one thing - the in-person practicing of the communication style and techniques. However, it set me well to... go and practice in real life!<br></p>', NULL, 'A', '47.15.11.173', '2017-08-31 20:21:22', '2018-02-05 16:14:16'),
(6, 7, 1, '<p>this is learingpath&nbsp;&nbsp;&nbsp;&nbsp;<br></p>', '<p>this is learning experience<br></p>', '<p>this is learning utility<br></p>', NULL, 'I', '47.15.1.254', '2017-09-07 18:51:27', '2017-09-07 18:51:27'),
(7, 8, 35, '<p><span style="color: rgb(41, 43, 44); font-size: 13px; font-style: italic;">Lorem ipsum dolor sit amet, consecteter adipiscing elit , sed diam nonummy nibh euin mod tincidunt ut laoreet dolore magna aliquam erat volutpat. Ut wisi enim ad minimi iam, quis nostrud exerci. Lorem ipsum dolor sit amet, consecteter a</span><br></p>', '<p><span style="color: rgb(41, 43, 44); font-size: 13px; font-style: italic;">Lorem ipsum dolor sit amet, consecteter adipiscing elit , sed diam nonummy nibh euin mod tincidunt ut laoreet dolore magna aliquam erat volutpat. Ut wisi enim ad minimi iam, quis nostrud exerci. Lorem ipsum dolor sit amet, consecteter a</span></p><p><span style="color: rgb(41, 43, 44); font-size: 13px; font-style: italic;">Lorem ipsum dolor sit amet, consecteter adipiscing elit , sed diam nonummy nibh euin mod tincidunt ut laoreet dolore magna aliquam erat volutpat. Ut wisi enim ad minimi iam, quis nostrud exerci. Lorem ipsum dolor sit amet, consecteter a</span><span style="color: rgb(41, 43, 44); font-size: 13px; font-style: italic;"><br></span><br></p>', '<p><span style="color: rgb(41, 43, 44); font-size: 13px; font-style: italic;">Lorem ipsum dolor sit amet, consecteter adipiscing elit , sed diam nonummy nibh euin mod tincidunt ut laoreet dolore magna aliquam erat volutpat. Ut wisi enim ad minimi iam, quis nostrud exerci. Lorem ipsum dolor sit amet, consecteter a</span></p><p><span style="color: rgb(41, 43, 44); font-size: 13px; font-style: italic;">Lorem ipsum dolor sit amet, consecteter adipiscing elit , sed diam nonummy nibh euin mod tincidunt ut laoreet dolore magna aliquam erat volutpat. Ut wisi enim ad minimi iam, quis nostrud exerci. Lorem ipsum dolor sit amet, consecteter a</span><span style="color: rgb(41, 43, 44); font-size: 13px; font-style: italic;"><br></span><br></p>', NULL, 'I', '110.227.98.195', '2017-09-08 21:28:51', '2017-09-08 21:28:51'),
(8, 10, 21, '<p>sdsd fsd fsdf sdf</p>', '<p>f sdf dsf dsf</p>', '<p>dsf sdf sdf dsf</p>', NULL, 'I', '122.163.76.82', '2017-09-11 20:34:14', '2017-09-11 20:34:14'),
(9, 7, 34, '<p>My recommendation<br></p>', '<p>My experience<br></p>', '<p>My utility<br></p>', NULL, 'I', '46.135.78.164', '2017-09-23 19:43:47', '2017-09-23 19:43:47'),
(10, 10, 40, '<p>test from sukanta</p>', '<p>test from sukanta111<br></p>', '<p>test from sukanta222<br></p>', NULL, 'I', '110.227.73.213', '2017-10-07 20:57:28', '2017-10-07 20:57:28'),
(11, 10, 40, '<p>sdfd sd dsf ds</p>', '<p>sdf sd sdf1sdf</p>', '<p>dsf dsf dsfggggg</p>', NULL, 'I', '110.227.73.213', '2017-10-07 20:59:39', '2017-10-07 20:59:39'),
(12, 10, 40, '<p>I think (and, it is unfortunately not my first-hand experience) that great way to learn Spanish (or any foreign language, if it comes to it) is, if you can afford it time-wise, to spend a good time - I mean at least between 3-6 months - in country where the language is spoken. Going to Spain would, of course, be great, but recall Spanish is spoken across Latin America and I heard really exciting stories about learning Spanish in, eg, the Ecuadorean city Cuenca, which sits in the middle of Andes, is very affordable money-wise (esp for people from Europe or North America), hosts a number of universities offering Spanish language courses (see eg here&nbsp;<a href="https://studyabroad.unm.edu/student-programs/university-cuenca-spanish-foreigners-program-intensive-language-program">University of Cuence Spanish programme</a> ) and, of course, offers the Spanish-spoken everyday life experience. The dream of mine as a Spanish learner! Anyone out there who could describe such experience first-hand?<br></p>', '<p>I have not been through the above, unfortunately. My - erratic, just basic - spoken Spanish has been acquired mostly during a number of trips to and throughout Spain.<br></p>', '<p>To be seen yet!<br></p>', NULL, 'A', '110.227.73.213', '2017-10-07 21:02:46', '2018-02-05 11:11:02'),
(13, 9, 34, '<p>AAA<br></p>', '<p>BBB<br></p>', '<p>CCC<br></p>', NULL, 'I', '46.135.79.231', '2017-10-22 12:01:36', '2017-10-22 12:01:36'),
(14, 10, 27, '<p>Hi, I am not any expert on how to learn Spanish myself, but I heard that really good path for Spanish is to enroll to courses offered by <a href="http://www.cervantes.es/default.htm">Instituto Cervantes.</a></p><p>This is non-profit organisation active, I guess, in many countries across the world and (similarly to, eg, the German Goethe Institute) is dedicated to providing an access to Spanish cultural heritage, language, etc. I think they are having many in-person courses both for beginners and advanced students, conversation lessons etc.<br><br></p>', '<p>I myself have been through, years ago, a book-based self-learning course (I have no modern online course experience unfortunately - would want to try one once). It took me a bit forward in terms of learning vocabulary and understanding a bit the written Spanish, but did not help in speaking or comprehending the spoken Spanish.<br></p>', '<p>The self-taught book-based approach, as I wrote above, helped me to understand a bit written Spanish, but did not help much with spoken Spanish.<br></p><p><br></p><p></p>', NULL, 'A', '47.15.9.41', '2017-10-29 19:12:54', '2018-02-05 10:47:47'),
(15, 9, 34, '<p>I tinkered a bit with MOOCs, but then decided to go to a bootcamp for learning Data Science (my background was math, but not much coding). There are a number of in the US and a few in Europe, depending from where you are - my ultimate choice, after a bit of research, was DSR - Data Science Retreat in Berlin, Germany - <a href="https://www.datascienceretreat.com/">https://www.datascienceretreat.com/</a>. It may or may not fit your budget - it took EUR 10k in my time; also, it takes 3 months full time on the spot, and there is no escape from it if you want it really intensive.<br></p>', '<p>Overall, very good. I was initially weaker in (Python) coding than the most of others (9 participants in my class), so was a bit lost in Docker / Linux / Spark etc issues, but after a while I found the ground and then the learning was a pleasure. Very practical, hands on, lecturers being solely professional data scientists from Berlin businesses. No academical theory, all to the practical point. Most of the curriculum was "classical" DS, although there also was a section on Deep Learning (image processing / conv nets).<br></p>', '<p>In 3 months I managed to be decently skilled in Data Science. Nowadays I am working in the DS field in business, and being confident in the classical DS in Python; I am now also progressing with Deep Learning myself, through online MOOCs and self-study - which is easier with the solid grounding the classical DS.<br></p>', NULL, 'A', '90.179.53.6', '2017-11-12 11:49:12', '2018-01-28 21:39:48'),
(16, 6, 34, '<p>aaa<br></p>', '<p>bbb<br></p>', '<p>ccc<br></p>', NULL, 'I', '90.179.53.6', '2017-11-12 14:05:40', '2017-11-12 14:05:40');

-- --------------------------------------------------------

--
-- Table structure for table `learn_question_categories`
--

CREATE TABLE IF NOT EXISTS `learn_question_categories` (
  `id` int(11) NOT NULL AUTO_INCREMENT,
  `parent_id` int(11) NOT NULL,
  `name` varchar(255) DEFAULT NULL,
  `slug` varchar(255) DEFAULT NULL,
  `status` enum('A','I') NOT NULL DEFAULT 'I' COMMENT '''A'' => Active, ''I'' => Inactive',
  `modified` datetime DEFAULT NULL,
  `created` datetime DEFAULT NULL,
  PRIMARY KEY (`id`),
  KEY `parent_id` (`parent_id`)
) ENGINE=InnoDB  DEFAULT CHARSET=latin1 AUTO_INCREMENT=32 ;

--
-- Dumping data for table `learn_question_categories`
--

INSERT INTO `learn_question_categories` (`id`, `parent_id`, `name`, `slug`, `status`, `modified`, `created`) VALUES
(18, 0, 'Category1', 'category1', 'I', '2017-08-01 18:22:19', '2017-08-01 18:22:19'),
(19, 0, 'Category 2', 'category-2', 'I', '2017-08-01 18:22:37', '2017-08-01 18:22:37'),
(21, 18, 'New sub cat', 'new-sub-cat', 'I', '2017-10-14 16:33:59', '2017-10-14 16:33:59'),
(24, 19, 'Test sub cat', 'test-sub-cat', 'I', '2017-10-14 16:35:15', '2017-10-14 16:35:15'),
(27, 0, 'VOCATIONAL SKILLS (''Learning to do'') - eg, manufacturing, healthcare, social assistance, ...', 'vocational-skills-learning-to-do-eg-manufacturing-healthcare-social-assistance', 'A', '2018-02-05 11:21:47', '2018-01-28 20:52:22'),
(28, 0, 'HARD SKILLS (''learning to know'') - eg, math, coding, data science, ...', 'hard-skills-learning-to-know-eg-math-coding-data-science', 'A', '2018-02-05 11:21:33', '2018-01-28 20:53:27'),
(29, 0, 'SOFT SKILLS - eg, presentation skills, business writing, negotations, ...', 'soft-skills-eg-presentation-skills-business-writing-negotations', 'A', '2018-02-05 11:20:42', '2018-01-28 20:55:01'),
(30, 0, 'PERSONAL DEVELOPMENT or coaching', 'personal-development-or-coaching', 'A', '2018-02-05 11:21:17', '2018-01-28 20:55:33'),
(31, 0, 'LANGUAGES', 'languages', 'A', '2018-02-05 11:20:57', '2018-01-28 20:56:04');

-- --------------------------------------------------------

--
-- Table structure for table `learn_question_comments`
--

CREATE TABLE IF NOT EXISTS `learn_question_comments` (
  `id` int(11) NOT NULL AUTO_INCREMENT,
  `user_id` int(11) NOT NULL,
  `question_id` int(11) NOT NULL,
  `comment` text NOT NULL,
  `status` enum('1','0') NOT NULL DEFAULT '0' COMMENT '1=>Approved, 0=>Not approved',
  `user_ip` varchar(100) NOT NULL,
  `created` datetime NOT NULL,
  `modified` datetime NOT NULL,
  PRIMARY KEY (`id`)
) ENGINE=InnoDB  DEFAULT CHARSET=latin1 AUTO_INCREMENT=10 ;

--
-- Dumping data for table `learn_question_comments`
--

INSERT INTO `learn_question_comments` (`id`, `user_id`, `question_id`, `comment`, `status`, `user_ip`, `created`, `modified`) VALUES
(1, 27, 8, 'Lorem ipsum dolor sit amet, consecteter adipiscing elit , sed diam nonummy nibh euin mod tincidunt ut laoreet dolore magna aliquam erat volutpat. Ut wisi enim ad minimi iam, quis nostrud exerci. Lorem ipsum dolor sit amet, consecteter a ', '0', '47.15.11.173', '2017-08-31 20:15:08', '2017-08-31 20:15:08'),
(2, 1, 8, 'Lorem ipsum dolor sit amet, consecteter adipiscing elit , sed diam nonummy nibh euin mod tincidunt ut laoreet dolore magna aliquam erat volutpat. Ut wisi enim ad minimi iam, quis nostrud exerci. Lorem ipsum dolor sit amet, consecteter a  Lorem ipsum dolor sit amet, consecteter adipiscing elit , sed diam nonummy nibh euin mod tincidunt ut laoreet dolore magna aliquam erat volutpat. Ut wisi enim ad minimi iam, quis nostrud exerci. Lorem ipsum dolor sit amet, consecteter a ', '0', '47.15.11.173', '2017-08-31 20:16:25', '2017-08-31 20:16:25'),
(4, 1, 7, 'Thanks for asking this question - although I am probably a bit further along the English learning curve, I also would be interested in learning what good and indeed one progressing online possibilities for spoken Egglish improvements would be out there', '1', '47.15.1.254', '2017-09-07 19:42:26', '2018-02-06 17:55:43'),
(5, 35, 8, 'This is a test 1', '0', '110.227.98.195', '2017-09-08 21:26:55', '2017-10-22 16:30:48'),
(6, 34, 8, 'Testing comment', '0', '90.179.53.6', '2017-09-10 20:54:22', '2017-09-10 20:54:22'),
(7, 34, 7, 'Another test comment', '0', '90.179.53.6', '2017-09-10 20:57:25', '2017-11-26 14:23:49'),
(8, 21, 10, 'dfg  df dfg dfgfg dfgtttttttttttttttttttt', '0', '122.163.91.97', '2017-09-20 18:19:14', '2017-09-20 18:19:14'),
(9, 34, 9, 'This is a good question, although would benefit from a bit further specification - eg, if you want to go for in-person bootcamp, what would be your geographical preference?', '1', '46.135.10.110', '2017-10-01 13:08:33', '2018-01-28 21:35:21');

-- --------------------------------------------------------

--
-- Table structure for table `learn_question_tags`
--

CREATE TABLE IF NOT EXISTS `learn_question_tags` (
  `id` int(11) NOT NULL AUTO_INCREMENT,
  `question_id` int(11) NOT NULL COMMENT 'Question Id from "questions" table',
  `user_id` int(11) DEFAULT NULL COMMENT 'Submitter Id',
  `tag_id` int(11) NOT NULL COMMENT 'Tag Id from "tags" table',
  PRIMARY KEY (`id`)
) ENGINE=InnoDB  DEFAULT CHARSET=latin1 AUTO_INCREMENT=104 ;

--
-- Dumping data for table `learn_question_tags`
--

INSERT INTO `learn_question_tags` (`id`, `question_id`, `user_id`, `tag_id`) VALUES
(72, 10, NULL, 25),
(73, 9, NULL, 26),
(74, 9, NULL, 30),
(75, 9, NULL, 45),
(82, 6, NULL, 17),
(83, 6, NULL, 22),
(84, 5, NULL, 7),
(85, 5, NULL, 20),
(86, 5, NULL, 23),
(87, 4, NULL, 1),
(88, 4, NULL, 10),
(89, 4, NULL, 14),
(90, 4, NULL, 18),
(91, 3, NULL, 1),
(92, 3, NULL, 2),
(93, 3, NULL, 13),
(100, 8, NULL, 46),
(101, 8, NULL, 47),
(102, 8, NULL, 48),
(103, 7, NULL, 50);

-- --------------------------------------------------------

--
-- Table structure for table `learn_tags`
--

CREATE TABLE IF NOT EXISTS `learn_tags` (
  `id` int(11) NOT NULL AUTO_INCREMENT,
  `title` varchar(255) DEFAULT NULL,
  `slug` varchar(255) DEFAULT NULL,
  `status` enum('A','I') NOT NULL DEFAULT 'I' COMMENT 'A=>Active, I=>Inactive',
  `created` datetime DEFAULT NULL,
  PRIMARY KEY (`id`)
) ENGINE=InnoDB  DEFAULT CHARSET=latin1 AUTO_INCREMENT=64 ;

--
-- Dumping data for table `learn_tags`
--

INSERT INTO `learn_tags` (`id`, `title`, `slug`, `status`, `created`) VALUES
(1, 'Android', 'android', 'A', '2017-07-29 16:03:02'),
(2, 'Apps', 'apps', 'A', '2017-07-29 16:03:11'),
(3, 'Analog', 'analog', 'A', '2017-07-29 16:03:22'),
(4, 'Angular', 'angular', 'I', '2017-07-29 16:03:34'),
(7, 'Bid', 'bid', 'A', '2017-07-29 16:04:39'),
(8, 'Batfied', 'batfied', 'A', '2017-07-29 16:04:53'),
(9, 'Car', 'car', 'A', '2017-07-29 16:05:02'),
(10, 'Commercial', 'commercial', 'A', '2017-07-29 16:05:17'),
(11, 'Demo', 'demo', 'A', '2017-07-29 16:05:32'),
(12, 'Designer', 'designer', 'A', '2017-07-29 16:05:42'),
(13, 'Facebook', 'facebook', 'A', '2017-08-03 20:44:48'),
(14, 'Budget', 'budget', 'A', '2017-08-13 17:51:03'),
(15, 'Business', 'business', 'A', '2017-08-13 17:51:17'),
(16, 'Follow', 'follow', 'I', '2017-08-13 17:51:50'),
(17, 'Game', 'game', 'A', '2017-08-13 17:52:00'),
(18, 'Hotspot', 'hotspot', 'A', '2017-08-13 17:52:11'),
(19, 'Hifi', 'hifi', 'I', '2017-08-13 17:52:18'),
(20, 'Inkjet', 'inkjet', 'A', '2017-08-13 17:52:27'),
(21, 'Jumbo Speaker', 'jumbo-speaker', 'I', '2017-08-13 17:52:38'),
(22, 'Keyboard', 'keyboard', 'A', '2017-08-13 17:52:48'),
(23, 'Lamp', 'lamp', 'A', '2017-08-13 17:52:55'),
(24, 'Auction', 'auction', 'I', '2017-08-14 16:29:09'),
(25, 'Spanish', 'spanish', 'A', '2018-01-28 21:00:44'),
(26, 'Data Science', 'data-science', 'A', '2018-01-28 21:04:51'),
(27, 'Mathematics', 'mathematics', 'A', '2018-01-28 21:05:02'),
(28, 'Coding', 'coding', 'A', '2018-01-28 21:05:14'),
(29, 'Computer programming', 'computer-programming', 'A', '2018-01-28 21:05:27'),
(30, 'Python', 'python', 'A', '2018-01-28 21:05:40'),
(31, 'Java', 'java', 'A', '2018-01-28 21:05:50'),
(32, 'R', 'r', 'A', '2018-01-28 21:05:58'),
(33, 'Java Script', 'java-script', 'A', '2018-01-28 21:06:07'),
(34, 'C++', 'c', 'A', '2018-01-28 21:06:15'),
(35, 'C', 'c-1', 'A', '2018-01-28 21:06:23'),
(36, 'C#', 'c-2', 'A', '2018-01-28 21:06:31'),
(37, 'Perl', 'perl', 'A', '2018-01-28 21:06:41'),
(38, 'Visual Basic', 'visual-basic', 'A', '2018-01-28 21:06:57'),
(39, 'VBA', 'vba', 'A', '2018-01-28 21:07:04'),
(40, 'Linux', 'linux', 'A', '2018-01-28 21:07:19'),
(41, 'Windows', 'windows', 'A', '2018-01-28 21:07:33'),
(42, 'Docker', 'docker', 'A', '2018-01-28 21:07:46'),
(43, 'Scala', 'scala', 'A', '2018-01-28 21:07:56'),
(44, 'Lua', 'lua', 'A', '2018-01-28 21:08:04'),
(45, 'PHP', 'php', 'A', '2018-01-28 21:08:14'),
(46, 'presentation', 'presentation', 'A', '2018-02-05 11:45:52'),
(47, 'self-presentation', 'self-presentation', 'A', '2018-02-05 11:46:10'),
(48, 'sales skills', 'sales-skills', 'A', '2018-02-05 11:46:24'),
(49, 'Arabic', 'arabic', 'A', '2018-02-06 15:46:28'),
(50, 'English', 'english', 'A', '2018-02-06 15:46:54'),
(51, 'Czech', 'czech', 'A', '2018-02-06 15:48:08'),
(52, 'Russian', 'russian', 'A', '2018-02-06 15:49:20'),
(53, 'Chinese', 'chinese', 'A', '2018-02-06 15:50:42'),
(54, 'German', 'german', 'A', '2018-02-06 15:51:11'),
(55, 'French', 'french', 'A', '2018-02-06 15:51:54'),
(56, 'MacOS', 'macos', 'A', '2018-02-06 15:52:21'),
(57, 'Italian', 'italian', 'A', '2018-02-06 15:52:35'),
(58, 'Polish', 'polish', 'A', '2018-02-06 15:52:48'),
(59, 'Dutch', 'dutch', 'A', '2018-02-06 15:53:08'),
(60, 'Portuguese', 'portuguese', 'A', '2018-02-06 15:53:21'),
(61, 'Swedish', 'swedish', 'A', '2018-02-06 15:54:10'),
(62, 'Turkish', 'turkish', 'A', '2018-02-06 15:54:24'),
(63, 'Japanese', 'japanese', 'A', '2018-02-06 15:54:44');

-- --------------------------------------------------------

--
-- Table structure for table `learn_users`
--

CREATE TABLE IF NOT EXISTS `learn_users` (
  `id` int(11) NOT NULL AUTO_INCREMENT,
  `name` varchar(255) DEFAULT NULL COMMENT 'Publicly Visible (Nick name)',
  `profile_pic` varchar(255) DEFAULT NULL,
  `location` varchar(255) DEFAULT NULL,
  `title` varchar(255) DEFAULT NULL,
  `email` varchar(50) DEFAULT NULL COMMENT 'email address',
  `notification_email` varchar(50) DEFAULT NULL COMMENT 'notification email address',
  `password` varchar(200) DEFAULT NULL COMMENT 'Hashed password',
  `full_name` varchar(100) DEFAULT NULL,
  `birthday` date DEFAULT NULL,
  `about_me` text,
  `signup_string` varchar(200) DEFAULT NULL COMMENT 'string used to verify the signup users email',
  `forget_password_string` varchar(200) DEFAULT NULL COMMENT 'string used to verify the account owner',
  `signup_ip` varchar(50) DEFAULT NULL COMMENT 'ip from where account was created',
  `is_verified` enum('1','0') DEFAULT '0' COMMENT 'is the user verified by admin. 1=>yes, 0=>No',
  `type` enum('F','N','G','T','L') DEFAULT 'N' COMMENT '''F'' => Facebook, ''N'' => Normal',
  `facebook_id` varchar(255) NOT NULL,
  `googleplus_id` varchar(255) NOT NULL,
  `twitter_id` varchar(255) NOT NULL,
  `linkedin_id` varchar(255) NOT NULL,
  `facebook_link` varchar(255) DEFAULT NULL,
  `twitter_link` varchar(255) DEFAULT NULL,
  `gplus_link` varchar(255) DEFAULT NULL,
  `linkedin_link` varchar(255) DEFAULT NULL,
  `modified` datetime NOT NULL COMMENT 'update time',
  `created` datetime NOT NULL COMMENT 'insert time',
  `agree` enum('Y','N') NOT NULL DEFAULT 'Y',
  `is_commercialparty` enum('1','0') NOT NULL DEFAULT '0',
  `commercialparty_checked_time` datetime DEFAULT NULL ON UPDATE CURRENT_TIMESTAMP,
  `commercialparty_unchecked_time` datetime DEFAULT NULL ON UPDATE CURRENT_TIMESTAMP,
  `personal_data` enum('Y','N') NOT NULL DEFAULT 'Y',
  `personaldata_checked_time` datetime DEFAULT NULL ON UPDATE CURRENT_TIMESTAMP,
  `personaldata_unchecked_time` datetime DEFAULT NULL ON UPDATE CURRENT_TIMESTAMP,
  `is_setting` enum('1','0') NOT NULL DEFAULT '0' COMMENT '1=>Checked settings, 0=>Uncheck',
  `see_setting_page` enum('1','0') NOT NULL DEFAULT '1' COMMENT '1=>Popup will open, 0=>Popup close permanently',
  `status` enum('A','I') NOT NULL DEFAULT 'I' COMMENT 'A=>active, I=>inactive',
  `loggedin_time` datetime DEFAULT NULL ON UPDATE CURRENT_TIMESTAMP,
  `loggedin_status` int(2) NOT NULL DEFAULT '0' COMMENT '1=>Online, 0=>Offline',
  PRIMARY KEY (`id`)
) ENGINE=InnoDB  DEFAULT CHARSET=latin1 AUTO_INCREMENT=81 ;

--
-- Dumping data for table `learn_users`
--

INSERT INTO `learn_users` (`id`, `name`, `profile_pic`, `location`, `title`, `email`, `notification_email`, `password`, `full_name`, `birthday`, `about_me`, `signup_string`, `forget_password_string`, `signup_ip`, `is_verified`, `type`, `facebook_id`, `googleplus_id`, `twitter_id`, `linkedin_id`, `facebook_link`, `twitter_link`, `gplus_link`, `linkedin_link`, `modified`, `created`, `agree`, `is_commercialparty`, `commercialparty_checked_time`, `commercialparty_unchecked_time`, `personal_data`, `personaldata_checked_time`, `personaldata_unchecked_time`, `is_setting`, `see_setting_page`, `status`, `loggedin_time`, `loggedin_status`) VALUES
(1, 'David', 'profile_150202763973.jpg', 'Kolkata', 'David', 'david@gmail.com', '100websolution@gmail.com', '$2y$10$bT9D97KJDcn63.2VXscHi.i0NfyexDra7L2qm6GuXRW/KxDkB3EVK', 'David Gomes', '2002-03-16', 'testing', NULL, NULL, NULL, '0', 'N', '', '', '', '', 'http://www.facebook.com', 'http://www.twitter.com', 'http://www.gplus.com', 'http://linkedin.com', '2017-09-07 20:13:40', '2017-08-06 13:54:00', 'Y', '0', NULL, NULL, 'Y', NULL, NULL, '0', '1', 'A', '2017-10-06 20:24:42', 0),
(2, 'Anonymous-4', 'profile_150277583117.jpg', 'Dhanbad', 'test title', 'anonymous-4@learneron.net', NULL, '$2y$10$BgZWXXcS/r5RYs4UFIRgBO10WoNj3w/77KLxv1fmxtRDPpLzUtTh6', 'Anonymous User', '2004-08-03', 'I''m a student', NULL, NULL, NULL, '0', 'N', '', '', '', '', 'http://www.facebook.com', 'http://www.twitter.com', 'http://www.gplus.com', 'http://www.linkedin.com', '2018-04-11 21:15:01', '2017-08-15 05:43:51', 'Y', '0', NULL, NULL, 'Y', NULL, NULL, '0', '1', 'A', '2018-04-11 21:15:01', 0),
(3, 'Gordon', 'profile_150277954667.jpg', 'New York, United Sates', 'My gordon', 'gordon@gmail.com', NULL, '$2y$10$LIfmgn9B21UFIEtsWTM87e35RIXgvjasNDBILnqzl2Rqbxj1jUAu6', 'Gordon Linoff', '1985-02-08', 'nothing to say', NULL, NULL, NULL, '0', 'N', '', '', '', '', '', 'http://www.twitter.com', '', '', '2017-08-15 06:45:47', '2017-08-15 06:45:47', 'Y', '0', NULL, NULL, 'Y', NULL, NULL, '0', '1', 'A', NULL, 0),
(4, 'Anonymous-4', 'user_no_image.png', '', '', 'anonymous-4@learneron.net', NULL, '$2y$10$XClpvV3BK1aCau23jrSvKuY0/GsBZ2AC8ZuAoFEnGZ0zSxm2oguG.', 'Anonymous User', '0000-00-00', 'this is', '', NULL, NULL, '0', 'N', '', '', '', '', '', '', '', '', '2017-08-15 11:54:59', '2017-08-15 11:54:59', 'Y', '0', NULL, NULL, 'Y', NULL, NULL, '0', '1', 'A', '2018-04-12 19:32:48', 0),
(21, 'Anonymous Group', 'user_no_image.png', '', '', 'anonymousgroup@learneron.net', 'sukanta.info3@gmail.com', '$2y$10$nVx.D/X51g7PwRfwDd3Tt.eclo3BEvjfkUOWdwbo.USGFpI2Agtta', 'Anonymous Group', '0000-00-00', 'tets tets tets tets tets tets tets tets tets tets tets tets tets tets tets tets tets tets tets tets tets tets tets tets tets tets tets tets tets tets tets tets tets tets tets tets tets tets tets tets tets tets tets tets tets tets tets tets tets tets tets tets tets tets tets tets tets tets tets tets tets tets tets tets tets tets tets tets tets tets tets tets tets tets tets tets tets tets tets tets tets tets tets tets tets tets tets tets tets tets tets ', '', '', '122.163.86.28', '1', 'N', '', '', '', '', '', '', '', '', '2017-08-23 20:11:23', '2017-08-19 18:44:51', 'Y', '0', NULL, NULL, 'Y', NULL, NULL, '0', '1', 'A', '2018-04-12 19:46:38', 0),
(22, 'max', NULL, NULL, NULL, 'techtimes14@gmail.com', NULL, '$2y$10$GxcwCd3TQaAWx5WU.V7xLOi3KviIxOdgl/Pnd6V5qfU8nQ401gPuy', NULL, NULL, NULL, 'IGQ1503168384CSN', NULL, '122.163.86.28', '0', 'N', '', '', '', '', NULL, NULL, NULL, NULL, '2017-08-19 18:46:24', '2017-08-19 18:46:24', 'Y', '0', NULL, NULL, 'Y', NULL, NULL, '0', '1', 'I', NULL, 0),
(23, 'Anonymous-1', 'user_no_image.png', NULL, NULL, 'anonymous-1@learneron.net', NULL, '$2y$10$7lU2XiN./qNgEQ62vW9U1e39.yep1pZvWjsOIk7NhQBnBFvfUq55K', 'Anonymous User', NULL, NULL, 'VEF1503169199ZSH', NULL, NULL, '0', 'N', '', '', '', '', NULL, NULL, NULL, NULL, '2018-04-08 15:21:24', '2017-08-19 18:59:59', 'Y', '0', NULL, NULL, 'Y', NULL, NULL, '0', '1', 'I', '2018-04-08 15:21:24', 0),
(27, 'Mitkar', 'profile_15034281190.jpg', 'Kolkata', 'this is Kolkata style', '100websolution@gmail.com', '100websolution@gmail.com', '$2y$10$l7bdbg8.eC6FnhwwRK3XZOU2zacuCZFzcm80lWMGxF67EfGxa3jyu', 'Mitkar Ghosh', NULL, 'nothing to say', '', '', '47.15.5.107', '1', 'N', '', '', '', '', 'http://www.facebook.com', '', '', 'http://www.linkedin.com', '2018-04-14 04:32:24', '2017-08-19 19:22:51', 'Y', '0', NULL, NULL, 'Y', NULL, NULL, '0', '0', 'A', '2018-04-14 04:35:47', 0),
(30, 'Subhas', NULL, NULL, NULL, 'subhas@fakeinbox.info', 'newsu@fakeinbox.info', '$2y$10$8cv0uKyxH3fz.20qk0HEW.CuWfSOidojXOBFLZ8426bN7twyP90TK', NULL, NULL, NULL, '', NULL, '47.15.5.48', '1', 'N', '', '', '', '', NULL, NULL, NULL, NULL, '2017-08-23 19:21:43', '2017-08-23 19:16:33', 'Y', '0', NULL, NULL, 'Y', NULL, NULL, '0', '1', 'A', NULL, 0),
(31, 'sdgd', NULL, NULL, NULL, 'esha.info900@gmail.com', NULL, '$2y$10$qGBpmlsC2fQsQa9X4Atw4OKNIcI81.Dkyi.ZhA7RdaynzIHBOib8u', NULL, NULL, NULL, '', NULL, '110.227.88.40', '1', 'N', '', '', '', '', NULL, NULL, NULL, NULL, '2017-08-23 20:32:20', '2017-08-23 20:32:20', 'Y', '0', NULL, NULL, 'Y', NULL, NULL, '0', '1', 'A', '2017-10-14 15:10:01', 0),
(34, 'Learner1', NULL, NULL, NULL, 'administrator@learneron.net', NULL, '$2y$10$lalptd61MVFfXWo4FfKs4eTZHoD9r.qRyDKL118H9F62oQKpleQSG', NULL, NULL, NULL, '', '', '90.179.53.6', '1', 'N', '', '', '', '', NULL, NULL, NULL, NULL, '2017-09-10 20:26:03', '2017-08-29 06:38:43', 'Y', '0', NULL, NULL, 'Y', NULL, NULL, '0', '1', 'A', '2018-04-09 21:23:36', 0),
(35, 'TechTimes', 'profile_15092974744.jpg', '', '', 'sukdevloper@gmail.com', NULL, '$2y$10$DNRCnkxqGRN4tlfXo1ZDAum20jlcP4swrhq2xPb4SMhy.J7loCXGC', '', NULL, '', '', NULL, '110.227.98.195', '1', 'N', '', '', '', '', '', '', '', '', '2018-04-14 06:55:42', '2017-09-08 21:20:06', 'Y', '0', '2018-04-17 22:13:34', '2018-04-17 22:13:34', 'Y', '2018-04-17 22:13:34', '2018-04-17 22:13:34', '0', '0', 'A', '2018-04-17 22:13:34', 0),
(40, 'Puja', 'profile_15075750340.jpg', NULL, NULL, 'duttapoly.info@gmail.com', NULL, NULL, 'Puja Paul', NULL, NULL, NULL, NULL, '110.225.22.131', '', 'F', '1450066711749441', '', '', '', NULL, NULL, NULL, NULL, '2017-10-09 18:50:34', '2017-09-24 17:55:37', 'Y', '0', NULL, NULL, 'Y', NULL, NULL, '0', '1', 'A', '2017-10-09 19:03:00', 0),
(41, 'Esha', 'http://graph.facebook.com/2047345325495104/picture?width=9999', 'Kolkata', 'Web Designer', 'esha.socialsites@gmail.com', NULL, NULL, 'Esha Saha', '2017-09-04', 'I am a nice girl', NULL, NULL, '116.203.180.112', '', 'F', '2047345325495104', '', '', '', 'http://facebook.com', 'http://facebook.com', 'http://facebook.com', 'http://facebook.com', '2017-09-29 03:24:58', '2017-09-29 03:21:57', 'Y', '0', NULL, NULL, 'Y', NULL, NULL, '0', '1', 'A', NULL, 0),
(46, 'Sukanta', 'profile_15075778415.jpg', NULL, NULL, 'sukanta.info10@gmail.com', NULL, NULL, 'Sukanta Sarkar', NULL, NULL, NULL, 'EIL1507988643BMZ', '47.15.9.107', '1', 'T', '', '', '3113475737', '', NULL, NULL, NULL, NULL, '2017-10-09 19:37:21', '2017-10-08 12:07:56', 'Y', '0', NULL, NULL, 'Y', NULL, NULL, '0', '1', 'A', '2018-02-20 18:56:03', 0),
(48, 'njoroge', 'profile_15080678353.jpg', NULL, NULL, 'njorogeikonye@gmail.com', NULL, NULL, 'njoroge ikonye', NULL, NULL, NULL, NULL, '110.227.111.110', '1', 'G', '', '109813575415969680831', '', '', NULL, NULL, 'https://plus.google.com/+njorogeikonye', NULL, '2017-10-15 11:43:55', '2017-10-08 14:50:12', 'Y', '0', NULL, NULL, 'Y', NULL, NULL, '0', '1', 'A', '2017-10-15 11:44:07', 0),
(49, 'Sukanta', 'profile_15086891222.jpg', 'Kolkata Area, India', NULL, 'sukanta.info2@gmail.com', NULL, NULL, 'Sukanta Sarkar', NULL, NULL, NULL, 'VNA1510088229JKH', '110.227.96.198', '1', 'L', '', '', '', 'OfwJ3ZH80d', NULL, NULL, NULL, 'https://www.linkedin.com/in/sukanta-sarkar-1064a786', '2017-10-22 16:18:42', '2017-10-14 19:00:55', 'Y', '0', NULL, NULL, 'Y', NULL, NULL, '0', '1', 'A', '2017-11-07 20:57:09', 0),
(50, 'Esha', 'profile_15086890947.jpg', 'Kolkata Area, India', NULL, 'esha.info90@gmail.com', NULL, NULL, 'Esha Saha', NULL, NULL, NULL, NULL, '110.227.96.198', '1', 'L', '', '', '', 'opeejufEHx', NULL, NULL, NULL, 'https://www.linkedin.com/in/esha-saha-82a50b86', '2017-10-22 16:18:15', '2017-10-14 22:10:34', 'Y', '0', NULL, NULL, 'Y', NULL, NULL, '0', '1', 'A', '2017-10-22 16:29:46', 0),
(52, 'sda', NULL, NULL, NULL, 'asd@dsgdg.dfg', NULL, '$2y$10$te9.SHJlH.OulJi2rw/xh.hyexs38sEP7UWN3vvLSdi3VdJBGaA8O', NULL, NULL, NULL, 'PXN1516649499HEV', NULL, '122.163.8.118', '0', 'N', '', '', '', '', NULL, NULL, NULL, NULL, '2018-01-22 19:31:39', '2018-01-22 19:31:39', 'Y', '0', NULL, NULL, 'Y', NULL, NULL, '0', '1', 'I', NULL, 0),
(53, 'Learner2', NULL, NULL, NULL, 'severav@seznam.cz', NULL, '$2y$10$fE6X0Qn6OArZBK3yiQM.Yu0Pv9vW60cEsLIqbneqLD1tXZkK8Dxum', NULL, NULL, NULL, '', NULL, '46.135.19.35', '1', 'N', '', '', '', '', NULL, NULL, NULL, NULL, '2018-02-06 19:42:53', '2018-02-06 19:42:53', 'Y', '0', NULL, NULL, 'Y', NULL, NULL, '0', '1', 'A', '2018-02-06 19:57:30', 0),
(54, 'Sukanta', 'profile_15188869296.jpg', 'Kolkata Area, India', NULL, 'sukanta.info2@gmail.com', NULL, NULL, 'Sukanta Sarkar', NULL, NULL, NULL, NULL, '110.225.19.248', '1', 'L', '', '', '', 'd5nt8EHtZB', NULL, NULL, NULL, 'https://www.linkedin.com/in/sukanta-sarkar-1064a786', '2018-02-17 17:02:09', '2018-02-17 17:02:09', 'Y', '0', NULL, NULL, 'Y', NULL, NULL, '0', '1', 'A', '2018-02-20 19:16:25', 0),
(55, 'Sukanta', 'profile_15188869676.jpg', NULL, NULL, 'sukanta.info2@gmail.com', NULL, NULL, 'Sukanta Sarkar', NULL, NULL, NULL, NULL, '110.225.19.248', '1', 'G', '', '111394632041920666287', '', '', NULL, NULL, 'https://plus.google.com/111394632041920666287', NULL, '2018-02-17 17:02:47', '2018-02-17 17:02:47', 'Y', '0', NULL, NULL, 'Y', NULL, NULL, '0', '1', 'A', '2018-02-20 17:40:30', 0),
(64, 'Sukanta', 'profile_15191477001.jpg', NULL, NULL, 'sukanta.info2@gmail.com', NULL, NULL, 'Sukanta Sarkar', NULL, NULL, NULL, NULL, '110.225.1.215', '1', 'F', '1591467190902887', '', '', '', NULL, NULL, NULL, NULL, '2018-02-20 17:28:24', '2018-02-20 17:28:24', 'Y', '0', NULL, NULL, 'Y', NULL, NULL, '0', '1', 'A', '2018-03-25 18:00:52', 0),
(65, 'Sanjay', 'profile_15191528210.jpg', NULL, NULL, 'sanjoy86.jk@gmail.com', NULL, NULL, 'Sanjay Karmakar', NULL, NULL, NULL, NULL, '47.15.161.41', '1', 'G', '', '101766056361128350948', '', '', NULL, NULL, 'https://plus.google.com/101766056361128350948', NULL, '2018-02-20 18:53:42', '2018-02-20 18:53:42', 'Y', '0', NULL, NULL, 'Y', NULL, NULL, '0', '1', 'A', '2018-02-20 18:53:56', 0),
(67, 'Esha Saha', 'profile_15225191721.jpg', NULL, NULL, 'esha.extra3331@gmail.com', NULL, '$2y$10$9XaDQpdrIc4/8sUgNF98GuJFlI9v9ZWkUHgvhCk9oKDD9yZVxqmdq', NULL, NULL, NULL, 'MED1522010298GGY', NULL, '122.163.70.69', '0', 'N', '', '', '', '', NULL, NULL, NULL, NULL, '2018-03-31 17:59:33', '2018-03-25 20:38:18', 'Y', '1', NULL, NULL, 'Y', NULL, NULL, '0', '1', 'A', '2018-03-31 18:02:16', 0),
(69, 'Anonymous Group', 'user_no_image.png', NULL, NULL, 'anonymousgroup@learneron.net', NULL, '$2y$10$yKXCOHD1TfGK8GtDUidbROOK4qCUjaSBQ8pNtGuvCZo0ctKCJAeD2', 'Anonymous Group', NULL, NULL, 'VTV1522519369HHP', NULL, NULL, '0', 'N', '', '', '', '', NULL, NULL, NULL, NULL, '2018-04-09 21:05:36', '2018-03-31 18:02:50', 'Y', '1', NULL, NULL, 'Y', NULL, NULL, '0', '1', 'I', '2018-04-09 21:05:36', 0),
(71, 'Anonymous-2', 'user_no_image.png', NULL, NULL, 'anonymous-2@learneron.net', NULL, '$2y$10$62XnMAxrGbY6wuRKkOPYFOqf/zc7k/7WKF.eajrVeNctT6xEScLlK', 'Anonymous User', NULL, NULL, NULL, NULL, NULL, '0', 'N', '', '', '', '', NULL, NULL, NULL, NULL, '2018-04-11 20:58:15', '2018-04-09 20:36:16', 'Y', '1', NULL, NULL, 'Y', NULL, NULL, '1', '1', 'I', '2018-04-11 20:58:15', 0),
(75, 'Anonymous-5', 'user_no_image.png', '', '', 'anonymous-5@learneron.net', NULL, '$2y$10$QYOatR60tkuaYpZJqXsuvuMi8VyUIf1YzeeAcwYNnftZQiF7pW/B6', 'Anonymous User', '0000-00-00', 'Hi, I am enthusiastic learner', '', NULL, '46.135.82.29', '1', 'N', '', '', '', '', '', '', '', '', '2018-04-15 07:58:37', '2018-04-15 07:45:04', 'Y', '0', '2018-04-21 19:25:52', '2018-04-21 19:25:52', 'Y', '2018-04-21 19:25:52', '2018-04-21 19:25:52', '0', '0', 'A', '2018-04-21 19:25:52', 0),
(76, 'Fukuw', NULL, NULL, NULL, 'fukuw@emailure.net', NULL, '$2y$10$v8M3bR0Gc4nFsD8LqSgWE.Z.fzaEOCdCK1rfvKhkkPw4jBwkYMUxO', NULL, NULL, NULL, '', NULL, '47.15.89.5', '1', 'N', '', '', '', '', NULL, NULL, NULL, NULL, '2018-04-16 20:29:45', '2018-04-16 20:29:45', 'Y', '0', '2018-04-16 20:31:58', '2018-04-16 20:31:58', 'Y', '2018-04-16 20:31:58', NULL, '0', '1', 'A', '2018-04-16 20:31:58', 0),
(77, 'dsfsdf', NULL, NULL, NULL, 'sdfdsf@dsgdf.ghj', NULL, '$2y$10$/JegLnh3xNqZDzxqdvu9FeZvPQwc85R792MLqEbEBEaX5oLwTyJiG', NULL, NULL, NULL, 'TEM1523991652GCZ', NULL, '122.163.79.10', '0', 'N', '', '', '', '', NULL, NULL, NULL, NULL, '2018-04-17 19:00:52', '2018-04-17 19:00:52', 'Y', '1', '2018-04-17 19:00:52', NULL, 'Y', '2018-04-17 19:00:52', NULL, '0', '1', 'I', NULL, 0),
(78, 'zxc', NULL, NULL, NULL, 'zxc@dgdfg.ghj', NULL, '$2y$10$FsCM.E1dAmUrmzQftVoMhebEfqqSN/6/2F36Ob.5tN1IFFONSfe6q', NULL, NULL, NULL, 'YVW1523992828IIF', NULL, '122.163.79.10', '0', 'N', '', '', '', '', NULL, NULL, NULL, NULL, '2018-04-17 19:20:28', '2018-04-17 19:20:28', 'Y', '0', NULL, NULL, 'Y', '2018-04-17 19:20:28', NULL, '0', '1', 'I', NULL, 0),
(79, 'nvbnvn', NULL, NULL, NULL, 'sdfsdfsd@fhfghg.hjk', NULL, '$2y$10$aX5yRgEXlNTXmAFVAsEl4ekDvpL2amYimvIQ8LyyXTk8rMHco47Bi', NULL, NULL, NULL, 'MEY1523992975RKI', NULL, '122.163.79.10', '0', 'N', '', '', '', '', NULL, NULL, NULL, NULL, '2018-04-17 19:22:55', '2018-04-17 19:22:55', 'Y', '0', NULL, NULL, 'Y', '2018-04-17 19:22:55', NULL, '0', '1', 'I', NULL, 0),
(80, 'Learner3', NULL, 'Prague', '', 'severav3@gmail.com', NULL, '$2y$10$B1P.bNgr2mFhPwe/syyREOCMle85R7laIsQZRHhOqQby5Dm9/fDvm', '', NULL, '', '', NULL, '90.179.101.195', '1', 'N', '', '', '', '', '', '', '', '', '2018-04-21 19:33:39', '2018-04-21 19:28:15', 'Y', '0', '2018-04-21 20:12:56', '2018-04-21 20:12:56', 'Y', '2018-04-21 20:12:56', '2018-04-21 20:12:56', '0', '0', 'A', '2018-04-21 20:12:56', 0);

-- --------------------------------------------------------

--
-- Table structure for table `learn_user_account_settings`
--

CREATE TABLE IF NOT EXISTS `learn_user_account_settings` (
  `id` int(11) NOT NULL AUTO_INCREMENT,
  `user_id` int(11) NOT NULL COMMENT 'Id from User table',
  `response_to_my_question_notification` enum('1','0') NOT NULL DEFAULT '0' COMMENT '1=>Get notification, 0=>No notification',
  `news_notification` enum('1','0') NOT NULL DEFAULT '0' COMMENT '1=>Get notification, 0=>No notification',
  `follow_twitter` enum('1','0') NOT NULL DEFAULT '0' COMMENT '1=>Follow, 0=>No follow',
  `posting_new_question_notification` enum('1','0') NOT NULL DEFAULT '0' COMMENT '1=>Get notification, 0=>No notification',
  `category_id` int(11) NOT NULL,
  `created` datetime NOT NULL,
  `modified` datetime NOT NULL,
  PRIMARY KEY (`id`)
) ENGINE=InnoDB  DEFAULT CHARSET=latin1 AUTO_INCREMENT=9 ;

--
-- Dumping data for table `learn_user_account_settings`
--

INSERT INTO `learn_user_account_settings` (`id`, `user_id`, `response_to_my_question_notification`, `news_notification`, `follow_twitter`, `posting_new_question_notification`, `category_id`, `created`, `modified`) VALUES
(1, 30, '1', '0', '1', '0', 0, '2017-08-23 19:21:49', '2017-08-23 19:23:18'),
(2, 21, '0', '0', '0', '0', 0, '2017-08-23 19:59:36', '2017-08-23 20:01:07'),
(3, 34, '1', '1', '1', '1', 19, '2017-08-29 07:08:18', '2017-10-08 19:16:48'),
(4, 27, '1', '1', '1', '1', 20, '2017-09-07 18:50:24', '2017-09-21 20:31:29'),
(5, 1, '1', '1', '1', '0', 0, '2017-09-07 20:14:03', '2017-09-07 20:14:03'),
(6, 53, '1', '1', '1', '1', 31, '2018-02-06 19:45:59', '2018-02-06 19:45:59'),
(7, 35, '0', '0', '0', '0', 0, '2018-02-13 17:24:09', '2018-02-13 17:29:11'),
(8, 75, '1', '1', '0', '0', 0, '2018-04-15 07:51:26', '2018-04-15 07:51:26');

-- --------------------------------------------------------

--
-- Table structure for table `learn_visitors`
--

CREATE TABLE IF NOT EXISTS `learn_visitors` (
  `id` int(11) NOT NULL AUTO_INCREMENT,
  `user_id` int(11) NOT NULL COMMENT 'User id from "users" table',
  `user_ipaddress` varchar(255) DEFAULT NULL,
  PRIMARY KEY (`id`)
) ENGINE=InnoDB  DEFAULT CHARSET=latin1 AUTO_INCREMENT=398 ;

--
-- Dumping data for table `learn_visitors`
--

INSERT INTO `learn_visitors` (`id`, `user_id`, `user_ipaddress`) VALUES
(2, 0, '216.244.66.244'),
(3, 0, '54.183.165.74'),
(4, 0, '110.227.99.59'),
(5, 0, '189.216.165.104'),
(6, 0, '5.9.80.133'),
(7, 0, '141.8.143.134'),
(8, 0, '5.255.250.174'),
(9, 0, '141.8.144.34'),
(10, 0, '216.244.66.248'),
(11, 0, '212.83.178.172'),
(12, 0, '77.88.47.29'),
(13, 0, '77.88.47.65'),
(14, 0, '216.244.66.201'),
(16, 0, '47.15.165.46'),
(17, 0, '77.88.47.59'),
(18, 0, '122.163.87.214'),
(19, 35, '122.163.87.214'),
(20, 0, '54.212.214.78'),
(21, 0, '186.203.133.180'),
(22, 0, '157.55.39.144'),
(23, 0, '54.67.59.131'),
(24, 0, '93.158.161.200'),
(25, 0, '66.249.66.214'),
(26, 0, '66.249.66.216'),
(27, 0, '189.239.149.215'),
(28, 0, '100.43.81.103'),
(29, 0, '90.179.53.6'),
(30, 0, '100.35.47.77'),
(31, 0, '180.76.15.11'),
(32, 0, '180.76.15.30'),
(33, 0, '180.190.90.107'),
(34, 0, '157.55.39.187'),
(35, 0, '66.249.66.212'),
(36, 0, '180.76.15.137'),
(37, 0, '180.76.15.18'),
(38, 0, '122.163.37.127'),
(39, 0, '141.8.143.144'),
(40, 0, '40.121.208.209'),
(41, 0, '180.76.15.162'),
(42, 0, '180.76.15.17'),
(43, 0, '180.76.15.141'),
(44, 0, '52.86.122.84'),
(45, 0, '13.57.20.101'),
(46, 0, '34.227.83.241'),
(47, 0, '157.55.39.48'),
(48, 0, '110.227.85.39'),
(49, 0, '157.55.39.189'),
(50, 0, '100.43.91.128'),
(51, 0, '40.77.167.105'),
(52, 0, '77.88.47.33'),
(53, 0, '5.255.250.177'),
(54, 0, '100.43.91.104'),
(55, 0, '5.255.250.164'),
(56, 0, '23.253.82.146'),
(57, 0, '113.10.216.2'),
(58, 0, '93.158.161.12'),
(59, 0, '5.255.250.183'),
(60, 0, '122.163.70.69'),
(61, 0, '173.252.86.81'),
(62, 0, '173.252.99.21'),
(63, 0, '47.11.82.40'),
(64, 0, '69.171.240.84'),
(65, 0, '173.252.84.115'),
(66, 0, '173.252.84.93'),
(67, 0, '69.63.185.118'),
(68, 0, '173.252.95.12'),
(69, 0, '173.252.91.171'),
(70, 0, '66.249.92.215'),
(71, 0, '66.249.92.213'),
(72, 64, '122.163.70.69'),
(73, 0, '35.199.187.185'),
(74, 0, '47.15.226.242'),
(75, 0, '35.203.141.185'),
(76, 0, '35.197.81.125'),
(77, 0, '180.76.15.143'),
(78, 0, '35.230.16.109'),
(79, 0, '104.132.20.64'),
(80, 0, '35.199.154.13'),
(81, 0, '104.196.241.204'),
(82, 0, '35.197.60.22'),
(83, 0, '180.76.15.27'),
(84, 0, '84.92.196.188'),
(85, 0, '89.234.68.69'),
(86, 0, '161.69.99.11'),
(87, 0, '178.63.52.147'),
(88, 0, '100.43.85.127'),
(89, 0, '180.76.15.140'),
(90, 0, '77.244.213.197'),
(91, 0, '137.226.113.27'),
(92, 0, '177.92.63.76'),
(93, 0, '157.55.39.27'),
(94, 0, '157.55.39.17'),
(95, 0, '107.170.213.98'),
(96, 0, '38.99.62.93'),
(97, 0, '141.212.122.16'),
(98, 0, '110.227.111.77'),
(99, 0, '158.69.25.178'),
(100, 0, '141.212.122.112'),
(101, 0, '180.76.15.136'),
(102, 0, '117.1.242.33'),
(103, 0, '5.255.250.129'),
(104, 0, '208.80.194.27'),
(105, 0, '129.78.110.124'),
(106, 0, '5.255.250.190'),
(107, 0, '208.80.194.35'),
(108, 0, '157.55.39.97'),
(109, 0, '66.249.69.52'),
(110, 0, '103.255.254.135'),
(111, 0, '77.88.5.1'),
(112, 0, '70.42.131.170'),
(113, 0, '180.76.15.10'),
(114, 0, '180.76.15.13'),
(115, 0, '122.163.89.226'),
(116, 0, '113.22.115.36'),
(117, 0, '66.249.69.54'),
(118, 0, '104.192.74.39'),
(119, 0, '103.255.254.123'),
(120, 0, '148.69.64.65'),
(121, 0, '64.74.215.132'),
(122, 0, '157.55.39.162'),
(123, 0, '137.226.113.28'),
(124, 0, '137.226.113.26'),
(125, 0, '122.163.97.23'),
(126, 0, '40.77.167.130'),
(127, 0, '180.76.15.21'),
(128, 0, '40.77.167.135'),
(129, 0, '5.255.250.16'),
(130, 0, '180.76.15.157'),
(131, 0, '54.190.48.95'),
(132, 0, '180.76.15.135'),
(133, 0, '110.227.96.144'),
(134, 0, '180.76.15.153'),
(135, 0, '180.76.15.34'),
(136, 0, '34.218.204.105'),
(137, 0, '5.9.144.234'),
(138, 0, '157.55.39.207'),
(139, 0, '180.76.15.20'),
(140, 0, '95.181.179.64'),
(141, 0, '46.135.19.171'),
(142, 0, '180.76.15.150'),
(143, 0, '122.163.92.218'),
(144, 67, '122.163.92.218'),
(145, 0, '35.230.1.158'),
(146, 0, '54.235.10.219'),
(147, 0, '180.76.15.151'),
(148, 0, '157.55.39.1'),
(149, 0, '157.55.39.201'),
(150, 0, '45.77.207.43'),
(151, 0, '34.239.225.110'),
(152, 0, '110.227.90.183'),
(153, 0, '66.249.64.216'),
(154, 0, '66.249.64.212'),
(155, 0, '189.167.241.94'),
(156, 0, '66.249.64.214'),
(157, 0, '207.46.13.4'),
(158, 0, '180.76.15.6'),
(159, 0, '180.76.15.139'),
(160, 0, '180.76.15.7'),
(161, 0, '122.163.25.206'),
(162, 0, '180.76.15.163'),
(163, 0, '47.15.138.249'),
(164, 0, '128.68.25.7'),
(165, 0, '40.77.167.31'),
(166, 0, '141.8.143.179'),
(167, 0, '157.55.39.50'),
(168, 0, '187.171.249.110'),
(169, 0, '180.76.15.29'),
(170, 0, '195.22.127.231'),
(171, 0, '122.163.85.179'),
(172, 0, '47.15.87.18'),
(173, 0, '122.163.36.168'),
(174, 0, '166.62.126.3'),
(175, 0, '207.46.13.87'),
(176, 0, '54.242.184.245'),
(177, 0, '52.13.113.24'),
(178, 0, '40.77.167.95'),
(179, 0, '104.236.8.64'),
(180, 0, '207.46.13.121'),
(181, 0, '58.147.168.23'),
(182, 0, '180.76.15.134'),
(183, 0, '122.163.87.196'),
(184, 0, '180.76.15.156'),
(185, 0, '66.249.70.20'),
(186, 0, '195.201.35.71'),
(187, 0, '178.22.68.248'),
(188, 0, '171.79.90.228'),
(189, 0, '35.230.96.164'),
(190, 0, '5.255.250.102'),
(191, 0, '104.196.242.228'),
(192, 0, '35.230.88.59'),
(193, 0, '64.246.187.42'),
(194, 0, '144.76.8.66'),
(195, 0, '148.251.126.73'),
(196, 0, '92.4.4.102'),
(197, 0, '110.54.237.87'),
(198, 0, '180.76.15.25'),
(199, 0, '99.108.42.93'),
(200, 0, '110.227.96.9'),
(201, 0, '66.249.70.24'),
(202, 0, '104.227.97.122'),
(203, 0, '54.212.26.44'),
(204, 0, '54.183.175.150'),
(205, 0, '47.15.49.131'),
(206, 0, '104.131.93.206'),
(207, 0, '122.163.2.127'),
(208, 0, '66.249.75.214'),
(209, 0, '66.249.75.216'),
(210, 0, '187.161.114.12'),
(211, 0, '34.230.79.190'),
(212, 0, '195.201.90.229'),
(213, 0, '66.249.75.212'),
(214, 0, '104.236.33.245'),
(215, 0, '103.251.83.170'),
(216, 0, '107.172.232.234'),
(217, 0, '180.76.15.24'),
(218, 0, '83.71.247.36'),
(219, 0, '184.94.240.92'),
(220, 0, '216.38.216.197'),
(221, 0, '216.38.216.197'),
(222, 0, '122.163.88.75'),
(223, 34, '90.179.53.6'),
(224, 0, '77.88.47.84'),
(225, 0, '180.76.15.31'),
(226, 0, '157.55.39.15'),
(227, 0, '157.55.39.245'),
(228, 0, '158.69.229.134'),
(229, 0, '207.46.13.81'),
(230, 0, '172.105.215.38'),
(231, 0, '179.43.131.87'),
(232, 0, '166.88.120.70'),
(233, 0, '54.193.125.36'),
(234, 0, '110.227.74.72'),
(235, 0, '54.154.218.0'),
(236, 0, '34.248.75.145'),
(237, 0, '54.204.197.210'),
(238, 0, '54.197.146.102'),
(239, 0, '106.185.25.97'),
(240, 0, '208.80.194.28'),
(241, 0, '142.44.222.245'),
(242, 0, '54.224.9.58'),
(243, 0, '66.249.70.22'),
(244, 0, '37.48.18.89'),
(245, 0, '47.15.90.194'),
(246, 0, '180.76.15.22'),
(247, 0, '47.15.19.49'),
(248, 0, '122.163.63.125'),
(249, 0, '169.60.28.106'),
(250, 73, '122.163.63.125'),
(251, 0, '35.230.117.251'),
(252, 0, '47.15.34.133'),
(253, 27, '47.15.34.133'),
(254, 0, '35.185.253.216'),
(255, 0, '35.153.104.118'),
(256, 0, '47.15.16.72'),
(257, 0, '66.220.152.167'),
(258, 0, '94.180.175.179'),
(259, 0, '104.36.19.86'),
(260, 0, '185.100.222.107'),
(261, 0, '122.163.58.95'),
(262, 0, '47.15.158.214'),
(263, 0, '192.99.46.89'),
(264, 0, '47.15.187.167'),
(265, 0, '138.246.253.19'),
(266, 0, '93.158.161.68'),
(267, 0, '180.76.15.28'),
(268, 0, '144.76.29.162'),
(269, 0, '122.163.56.173'),
(270, 0, '163.172.4.153'),
(271, 0, '100.43.90.120'),
(272, 0, '185.35.63.191'),
(273, 0, '5.255.250.20'),
(274, 0, '47.15.8.63'),
(275, 0, '88.99.19.242'),
(276, 0, '123.224.66.240'),
(277, 0, '54.159.134.100'),
(278, 0, '180.76.15.145'),
(279, 0, '180.76.15.14'),
(280, 0, '77.88.47.21'),
(281, 0, '180.76.15.26'),
(282, 0, '176.9.138.133'),
(283, 0, '13.57.202.40'),
(284, 0, '40.77.167.192'),
(285, 0, '148.251.22.254'),
(286, 0, '46.135.82.29'),
(287, 75, '46.135.82.29'),
(288, 0, '35.170.182.174'),
(289, 0, '40.77.167.98'),
(290, 0, '89.24.55.112'),
(291, 0, '110.227.82.147'),
(292, 0, '116.14.31.184'),
(293, 0, '47.15.14.53'),
(294, 0, '195.201.35.76'),
(295, 0, '54.183.233.100'),
(296, 0, '92.222.180.240'),
(297, 0, '45.63.115.41'),
(298, 0, '69.58.178.58'),
(299, 0, '47.15.9.32'),
(300, 0, '47.15.89.5'),
(301, 0, '137.226.113.33'),
(302, 0, '157.55.39.57'),
(303, 0, '62.4.15.41'),
(304, 0, '157.55.39.28'),
(305, 0, '180.76.15.32'),
(306, 0, '158.69.254.103'),
(307, 0, '69.30.198.186'),
(308, 0, '77.88.47.58'),
(309, 0, '40.77.167.124'),
(310, 0, '122.163.79.10'),
(311, 0, '180.76.15.138'),
(312, 0, '148.64.56.75'),
(313, 0, '141.8.143.137'),
(314, 0, '93.158.161.36'),
(315, 0, '180.76.15.146'),
(316, 0, '104.36.16.96'),
(317, 0, '180.76.15.154'),
(318, 0, '110.225.5.89'),
(319, 0, '207.46.13.58'),
(320, 0, '77.88.47.52'),
(321, 0, '84.201.133.60'),
(322, 0, '180.76.15.16'),
(323, 0, '157.55.39.228'),
(324, 0, '171.79.91.64'),
(325, 0, '157.55.39.40'),
(326, 0, '5.9.106.230'),
(327, 0, '100.43.91.111'),
(328, 0, '84.201.133.52'),
(329, 0, '180.76.15.159'),
(330, 0, '207.46.13.176'),
(331, 0, '157.55.39.6'),
(332, 0, '111.65.45.37'),
(333, 0, '180.76.15.23'),
(334, 0, '157.55.39.240'),
(335, 0, '79.137.34.230'),
(336, 0, '158.69.251.119'),
(337, 0, '158.69.23.126'),
(338, 0, '90.179.101.195'),
(339, 0, '2405:205:619f:e69c:9c9f:64c0:1d4a:a5e5'),
(340, 80, '90.179.101.195'),
(341, 0, '40.77.167.173'),
(342, 0, '159.89.118.60'),
(343, 0, '50.2.38.136'),
(344, 0, '178.151.245.174'),
(345, 0, '180.76.15.144'),
(346, 0, '40.77.167.106'),
(347, 0, '100.43.81.200'),
(348, 0, '213.32.22.124'),
(349, 0, '93.209.9.197'),
(350, 0, '128.69.204.188'),
(351, 0, '40.77.167.68'),
(352, 0, '176.9.117.52'),
(353, 0, '157.55.39.83'),
(354, 0, '5.9.61.111'),
(355, 0, '5.45.75.6'),
(356, 0, '122.163.15.210'),
(357, 0, '180.76.15.9'),
(358, 0, '40.77.167.91'),
(359, 0, '63.143.53.142'),
(360, 0, '124.19.60.38'),
(361, 0, '87.126.68.178'),
(362, 0, '94.130.131.80'),
(363, 0, '40.77.167.156'),
(364, 0, '91.200.12.151'),
(365, 0, '66.70.182.118'),
(366, 0, '64.246.165.210'),
(367, 0, '162.213.38.222'),
(368, 0, '5.255.250.175'),
(369, 0, '46.161.62.133'),
(370, 0, '173.208.200.154'),
(371, 0, '180.76.15.152'),
(372, 0, '195.154.230.226'),
(373, 0, '110.225.3.7'),
(374, 0, '78.47.36.23'),
(375, 0, '95.216.10.16'),
(376, 0, '180.76.15.147'),
(377, 0, '157.55.39.118'),
(378, 0, '122.163.93.19'),
(379, 0, '193.70.34.209'),
(380, 0, '163.172.197.129'),
(381, 0, '40.77.167.190'),
(382, 0, '148.251.234.35'),
(383, 0, '95.216.13.53'),
(384, 0, '207.46.13.197'),
(385, 0, '93.158.161.14'),
(386, 0, '2.229.17.86'),
(387, 0, '2.229.17.86'),
(388, 0, '172.241.112.83'),
(389, 0, '103.192.60.90'),
(390, 0, '35.197.76.19'),
(391, 0, '35.197.14.86'),
(392, 0, '35.199.146.121'),
(393, 0, '122.163.88.130'),
(394, 0, '122.163.88.130'),
(395, 0, '46.135.83.65'),
(396, 0, '180.76.15.12'),
(397, 0, '110.227.68.212');

-- --------------------------------------------------------

--
-- Table structure for table `learn_visitor_logs`
--

CREATE TABLE IF NOT EXISTS `learn_visitor_logs` (
  `id` int(11) NOT NULL AUTO_INCREMENT,
  `visitor_id` int(11) NOT NULL,
  `page_name` varchar(255) NOT NULL,
  `page_url` varchar(255) DEFAULT NULL,
  `controller` varchar(255) NOT NULL,
  `method` varchar(255) NOT NULL,
  `news_id` int(11) DEFAULT NULL COMMENT 'News table id',
  `news_category_id` int(11) DEFAULT NULL COMMENT 'News Category table id',
  `user_id` int(11) DEFAULT NULL COMMENT 'User table id',
  `question_id` int(11) DEFAULT NULL COMMENT 'Question table id',
  `question_category_id` int(11) DEFAULT NULL COMMENT 'Question Category table id',
  `answer_id` int(11) DEFAULT NULL COMMENT 'Question Answer table id',
  `tag_id` int(11) DEFAULT NULL COMMENT 'Tag table id',
  `visited_time` datetime DEFAULT NULL,
  PRIMARY KEY (`id`)
) ENGINE=InnoDB  DEFAULT CHARSET=latin1 AUTO_INCREMENT=929 ;

--
-- Dumping data for table `learn_visitor_logs`
--

INSERT INTO `learn_visitor_logs` (`id`, `visitor_id`, `page_name`, `page_url`, `controller`, `method`, `news_id`, `news_category_id`, `user_id`, `question_id`, `question_category_id`, `answer_id`, `tag_id`, `visited_time`) VALUES
(1, 60, '', 'https://www.learneron.net/', 'Sites', 'homePage', NULL, NULL, NULL, NULL, NULL, NULL, NULL, '2018-03-25 16:42:31'),
(2, 60, 'Latest Question Listing', 'https://www.learneron.net/questions', 'Questions', 'allQuestions', NULL, NULL, NULL, NULL, NULL, NULL, NULL, '2018-03-25 16:51:22'),
(3, 64, 'Latest Question Listing', 'https://www.learneron.net/questions', 'Questions', 'allQuestions', NULL, NULL, NULL, NULL, NULL, NULL, NULL, '2018-03-25 16:52:08'),
(4, 65, 'Latest Question Listing', 'https://www.learneron.net/questions', 'Questions', 'allQuestions', NULL, NULL, NULL, NULL, NULL, NULL, NULL, '2018-03-25 16:52:18'),
(5, 66, 'Latest Question Listing', 'https://www.learneron.net/questions', 'Questions', 'allQuestions', NULL, NULL, NULL, NULL, NULL, NULL, NULL, '2018-03-25 16:52:19'),
(6, 67, 'Front Page', 'https://www.learneron.net/', 'Sites', 'homePage', NULL, NULL, NULL, NULL, NULL, NULL, NULL, '2018-03-25 16:52:23'),
(7, 68, 'Front Page', 'https://www.learneron.net/', 'Sites', 'homePage', NULL, NULL, NULL, NULL, NULL, NULL, NULL, '2018-03-25 16:52:24'),
(8, 69, 'Latest Question Listing', 'https://www.learneron.net/questions', 'Questions', 'allQuestions', NULL, NULL, NULL, NULL, NULL, NULL, NULL, '2018-03-25 16:52:35'),
(9, 70, 'Latest Question Listing', 'https://www.learneron.net/questions', 'Questions', 'allQuestions', NULL, NULL, NULL, NULL, NULL, NULL, NULL, '2018-03-25 16:56:24'),
(10, 71, 'Latest Question Listing', 'https://www.learneron.net/questions', 'Questions', 'allQuestions', NULL, NULL, NULL, NULL, NULL, NULL, NULL, '2018-03-25 16:56:30'),
(11, 2, 'Front Page', 'https://www.learneron.net/', 'Sites', 'homePage', NULL, NULL, NULL, NULL, NULL, NULL, NULL, '2018-03-25 17:00:15'),
(12, 72, 'Facebook Login', 'https://www.learneron.net/users/facebook-login', 'Users', 'facebookLogin', NULL, NULL, 64, NULL, NULL, NULL, NULL, '2018-03-25 17:28:06'),
(13, 72, 'My Account', 'https://www.learneron.net/my-account', 'Users', 'myAccount', NULL, NULL, 64, NULL, NULL, NULL, NULL, '2018-03-25 17:28:06'),
(14, 72, 'Latest Question Listing', 'https://www.learneron.net/questions', 'Questions', 'allQuestions', NULL, NULL, 64, NULL, NULL, NULL, NULL, '2018-03-25 17:28:18'),
(15, 72, 'Question Details', 'https://www.learneron.net/questions/details/MTA%3D', 'Questions', 'details', NULL, NULL, 64, 10, NULL, NULL, NULL, '2018-03-25 17:28:23'),
(16, 73, 'Latest Question Listing', 'https://www.learneron.net/questions', 'Questions', 'allQuestions', NULL, NULL, NULL, NULL, NULL, NULL, NULL, '2018-03-25 17:30:07'),
(17, 74, 'Front Page', 'https://www.learneron.net/', 'Sites', 'homePage', NULL, NULL, NULL, NULL, NULL, NULL, NULL, '2018-03-25 18:00:52'),
(18, 75, 'Front Page', 'https://www.learneron.net/', 'Sites', 'homePage', NULL, NULL, NULL, NULL, NULL, NULL, NULL, '2018-03-25 18:28:53'),
(19, 76, 'Question Details', 'https://www.learneron.net/questions/details/MTA%3D', 'Questions', 'details', NULL, NULL, NULL, 10, NULL, NULL, NULL, '2018-03-25 18:32:04'),
(20, 14, 'Front Page', 'https://www.learneron.net/', 'Sites', 'homePage', NULL, NULL, NULL, NULL, NULL, NULL, NULL, '2018-03-25 19:48:07'),
(21, 60, 'Signup', 'https://www.learneron.net/users/signup/', 'Users', 'signup', NULL, NULL, 67, NULL, NULL, NULL, NULL, '2018-03-25 20:38:18'),
(22, 60, 'Setting in Signup', 'https://www.learneron.net/users/signup_setting/', 'Users', 'signupSetting', NULL, NULL, 67, NULL, NULL, NULL, NULL, '2018-03-25 20:38:32'),
(23, 60, 'Login', 'https://www.learneron.net/users/login/', 'Users', 'login', NULL, NULL, 67, NULL, NULL, NULL, NULL, '2018-03-25 20:41:32'),
(24, 77, 'Front Page', 'https://www.learneron.net/', 'Sites', 'homePage', NULL, NULL, NULL, NULL, NULL, NULL, NULL, '2018-03-25 22:04:22'),
(25, 78, 'Front Page', 'https://www.learneron.net/', 'Sites', 'homePage', NULL, NULL, NULL, NULL, NULL, NULL, NULL, '2018-03-25 22:32:04'),
(26, 7, 'Front Page', 'https://www.learneron.net/', 'Sites', 'homePage', NULL, NULL, NULL, NULL, NULL, NULL, NULL, '2018-03-26 00:37:32'),
(27, 2, 'Front Page', 'https://www.learneron.net/', 'Sites', 'homePage', NULL, NULL, NULL, NULL, NULL, NULL, NULL, '2018-03-26 00:46:23'),
(28, 79, 'Front Page', 'https://www.learneron.net/', 'Sites', 'homePage', NULL, NULL, NULL, NULL, NULL, NULL, NULL, '2018-03-26 03:50:05'),
(29, 79, 'Terms and Conditions', 'https://www.learneron.net/terms-of-use', 'Sites', 'termsAndConditions', NULL, NULL, NULL, NULL, NULL, NULL, NULL, '2018-03-26 03:50:26'),
(30, 79, 'Contact Us', 'https://www.learneron.net/contact-us', 'Sites', 'contactUs', NULL, NULL, NULL, NULL, NULL, NULL, NULL, '2018-03-26 03:50:27'),
(31, 79, 'Privacy', 'https://www.learneron.net/privacy', 'Sites', 'privacy', NULL, NULL, NULL, NULL, NULL, NULL, NULL, '2018-03-26 03:50:28'),
(32, 80, 'Contact Us', 'https://www.learneron.net/contact-us', 'Sites', 'contactUs', NULL, NULL, NULL, NULL, NULL, NULL, NULL, '2018-03-26 04:29:24'),
(33, 81, 'Privacy', 'https://www.learneron.net/privacy', 'Sites', 'privacy', NULL, NULL, NULL, NULL, NULL, NULL, NULL, '2018-03-26 04:29:28'),
(34, 82, 'Terms and Conditions', 'https://www.learneron.net/terms-of-use', 'Sites', 'termsAndConditions', NULL, NULL, NULL, NULL, NULL, NULL, NULL, '2018-03-26 04:29:43'),
(35, 10, 'Front Page', 'https://www.learneron.net/', 'Sites', 'homePage', NULL, NULL, NULL, NULL, NULL, NULL, NULL, '2018-03-26 04:35:15'),
(36, 83, 'Front Page', 'https://www.learneron.net/', 'Sites', 'homePage', NULL, NULL, NULL, NULL, NULL, NULL, NULL, '2018-03-26 05:21:26'),
(37, 28, 'Users Listing', 'https://www.learneron.net/users', 'Users', 'allUsers', NULL, NULL, NULL, NULL, NULL, NULL, NULL, '2018-03-26 06:12:17'),
(38, 55, 'Tag Related Questions', 'https://www.learneron.net/tag/spanish', 'Questions', 'questionTag', NULL, NULL, NULL, NULL, NULL, NULL, 25, '2018-03-26 11:05:26'),
(39, 84, 'Front Page', 'https://www.learneron.net/', 'Sites', 'homePage', NULL, NULL, NULL, NULL, NULL, NULL, NULL, '2018-03-26 13:19:06'),
(40, 85, 'Front Page', 'https://www.learneron.net/', 'Sites', 'homePage', NULL, NULL, NULL, NULL, NULL, NULL, NULL, '2018-03-26 14:56:18'),
(41, 85, 'Tag Related Questions', 'https://www.learneron.net/tag/sales-skills', 'Questions', 'questionTag', NULL, NULL, NULL, NULL, NULL, NULL, 48, '2018-03-26 14:56:41'),
(42, 85, 'Latest Question Listing', 'https://www.learneron.net/questions', 'Questions', 'allQuestions', NULL, NULL, NULL, NULL, NULL, NULL, NULL, '2018-03-26 14:56:55'),
(43, 85, 'Tag Related Questions', 'https://www.learneron.net/tag/spanish', 'Questions', 'questionTag', NULL, NULL, NULL, NULL, NULL, NULL, 25, '2018-03-26 14:57:14'),
(44, 85, 'News Details', 'https://www.learneron.net/news/details/learneron-net-in-testing-mode', 'News', 'details', 7, NULL, NULL, NULL, NULL, NULL, NULL, '2018-03-26 14:57:27'),
(45, 86, 'Front Page', 'https://www.learneron.net/', 'Sites', 'homePage', NULL, NULL, NULL, NULL, NULL, NULL, NULL, '2018-03-26 15:45:48'),
(46, 28, 'Tag Related Questions', 'https://www.learneron.net/tag/none', 'Questions', 'questionTag', NULL, NULL, NULL, NULL, NULL, NULL, NULL, '2018-03-26 16:23:59'),
(47, 8, 'Privacy', 'https://www.learneron.net/privacy', 'Sites', 'privacy', NULL, NULL, NULL, NULL, NULL, NULL, NULL, '2018-03-26 17:44:23'),
(48, 87, 'Front Page', 'https://www.learneron.net/', 'Sites', 'homePage', NULL, NULL, NULL, NULL, NULL, NULL, NULL, '2018-03-26 18:20:44'),
(49, 88, 'Front Page', 'https://www.learneron.net/', 'Sites', 'homePage', NULL, NULL, NULL, NULL, NULL, NULL, NULL, '2018-03-26 19:21:44'),
(50, 2, 'Tag Listing', 'https://www.learneron.net/tags', 'Tags', 'index', NULL, NULL, NULL, NULL, NULL, NULL, NULL, '2018-03-26 19:29:30'),
(51, 12, 'Latest Question Listing', 'https://www.learneron.net/questions', 'Questions', 'allQuestions', NULL, NULL, NULL, NULL, NULL, NULL, NULL, '2018-03-26 19:31:06'),
(52, 89, 'Front Page', 'https://www.learneron.net/', 'Sites', 'homePage', NULL, NULL, NULL, NULL, NULL, NULL, NULL, '2018-03-26 19:49:24'),
(53, 90, 'Front Page', 'https://www.learneron.net/', 'Sites', 'homePage', NULL, NULL, NULL, NULL, NULL, NULL, NULL, '2018-03-26 22:01:38'),
(54, 2, 'Front Page', 'https://www.learneron.net/', 'Sites', 'homePage', NULL, NULL, NULL, NULL, NULL, NULL, NULL, '2018-03-27 00:04:03'),
(55, 28, 'Tag Listing', 'https://www.learneron.net/tags', 'Tags', 'index', NULL, NULL, NULL, NULL, NULL, NULL, NULL, '2018-03-27 00:14:56'),
(56, 2, 'Users Listing', 'https://www.learneron.net/users/all-users', 'Users', 'allUsers', NULL, NULL, NULL, NULL, NULL, NULL, NULL, '2018-03-27 00:17:57'),
(57, 91, 'Front Page', 'https://www.learneron.net/', 'Sites', 'homePage', NULL, NULL, NULL, NULL, NULL, NULL, NULL, '2018-03-27 00:20:53'),
(58, 2, 'Tag Listing', 'https://www.learneron.net/tags', 'Tags', 'index', NULL, NULL, NULL, NULL, NULL, NULL, NULL, '2018-03-27 01:43:21'),
(59, 28, 'Front Page', 'https://www.learneron.net/', 'Sites', 'homePage', NULL, NULL, NULL, NULL, NULL, NULL, NULL, '2018-03-27 01:58:23'),
(60, 92, 'Front Page', 'https://www.learneron.net/', 'Sites', 'homePage', NULL, NULL, NULL, NULL, NULL, NULL, NULL, '2018-03-27 02:22:10'),
(61, 93, 'Front Page', 'https://www.learneron.net/', 'Sites', 'homePage', NULL, NULL, NULL, NULL, NULL, NULL, NULL, '2018-03-27 04:01:55'),
(62, 94, 'Front Page', 'https://www.learneron.net/', 'Sites', 'homePage', NULL, NULL, NULL, NULL, NULL, NULL, NULL, '2018-03-27 04:02:40'),
(63, 7, 'Faqs', 'https://www.learneron.net/faqs', 'Sites', 'faqs', NULL, NULL, NULL, NULL, NULL, NULL, NULL, '2018-03-27 05:12:39'),
(64, 10, 'Front Page', 'https://www.learneron.net/', 'Sites', 'homePage', NULL, NULL, NULL, NULL, NULL, NULL, NULL, '2018-03-27 07:05:03'),
(65, 95, 'Front Page', 'https://www.learneron.net/', 'Sites', 'homePage', NULL, NULL, NULL, NULL, NULL, NULL, NULL, '2018-03-27 08:09:54'),
(66, 28, 'Tag Related Questions', 'https://www.learneron.net/tag/english', 'Questions', 'questionTag', NULL, NULL, NULL, NULL, NULL, NULL, 50, '2018-03-27 11:22:49'),
(67, 96, 'Front Page', 'https://www.learneron.net/', 'Sites', 'homePage', NULL, NULL, NULL, NULL, NULL, NULL, NULL, '2018-03-27 14:07:44'),
(68, 97, 'Front Page', 'https://www.learneron.net/', 'Sites', 'homePage', NULL, NULL, NULL, NULL, NULL, NULL, NULL, '2018-03-27 16:47:24'),
(69, 14, 'Front Page', 'https://www.learneron.net/', 'Sites', 'homePage', NULL, NULL, NULL, NULL, NULL, NULL, NULL, '2018-03-27 16:58:22'),
(70, 98, 'Front Page', 'https://www.learneron.net/', 'Sites', 'homePage', NULL, NULL, NULL, NULL, NULL, NULL, NULL, '2018-03-27 17:02:32'),
(71, 99, 'Front Page', 'https://www.learneron.net/', 'Sites', 'homePage', NULL, NULL, NULL, NULL, NULL, NULL, NULL, '2018-03-27 19:54:59'),
(72, 100, 'Front Page', 'https://www.learneron.net/', 'Sites', 'homePage', NULL, NULL, NULL, NULL, NULL, NULL, NULL, '2018-03-27 19:55:22'),
(73, 101, 'Front Page', 'https://www.learneron.net/', 'Sites', 'homePage', NULL, NULL, NULL, NULL, NULL, NULL, NULL, '2018-03-27 21:29:41'),
(74, 41, 'Front Page', 'https://www.learneron.net/', 'Sites', 'homePage', NULL, NULL, NULL, NULL, NULL, NULL, NULL, '2018-03-27 21:56:29'),
(75, 102, 'Front Page', 'https://www.learneron.net/', 'Sites', 'homePage', NULL, NULL, NULL, NULL, NULL, NULL, NULL, '2018-03-27 22:52:48'),
(76, 23, 'Front Page', 'https://www.learneron.net/', 'Sites', 'homePage', NULL, NULL, NULL, NULL, NULL, NULL, NULL, '2018-03-27 22:57:15'),
(77, 103, 'Front Page', 'https://www.learneron.net/', 'Sites', 'homePage', NULL, NULL, NULL, NULL, NULL, NULL, NULL, '2018-03-27 23:16:50'),
(78, 104, 'Front Page', 'https://www.learneron.net/', 'Sites', 'homePage', NULL, NULL, NULL, NULL, NULL, NULL, NULL, '2018-03-27 23:34:55'),
(79, 2, 'Front Page', 'https://www.learneron.net/', 'Sites', 'homePage', NULL, NULL, NULL, NULL, NULL, NULL, NULL, '2018-03-28 00:23:48'),
(80, 105, 'Front Page', 'https://www.learneron.net/', 'Sites', 'homePage', NULL, NULL, NULL, NULL, NULL, NULL, NULL, '2018-03-28 00:34:47'),
(81, 106, 'Front Page', 'https://www.learneron.net/', 'Sites', 'homePage', NULL, NULL, NULL, NULL, NULL, NULL, NULL, '2018-03-28 01:20:37'),
(82, 107, 'Front Page', 'https://www.learneron.net/', 'Sites', 'homePage', NULL, NULL, NULL, NULL, NULL, NULL, NULL, '2018-03-28 01:41:28'),
(83, 14, 'Front Page', 'https://www.learneron.net/', 'Sites', 'homePage', NULL, NULL, NULL, NULL, NULL, NULL, NULL, '2018-03-28 01:57:17'),
(84, 108, 'Front Page', 'https://www.learneron.net/', 'Sites', 'homePage', NULL, NULL, NULL, NULL, NULL, NULL, NULL, '2018-03-28 02:15:47'),
(85, 109, 'Front Page', 'https://www.learneron.net/', 'Sites', 'homePage', NULL, NULL, NULL, NULL, NULL, NULL, NULL, '2018-03-28 05:41:22'),
(86, 13, 'Privacy', 'https://www.learneron.net/privacy', 'Sites', 'privacy', NULL, NULL, NULL, NULL, NULL, NULL, NULL, '2018-03-28 06:20:18'),
(87, 10, 'Front Page', 'https://www.learneron.net/', 'Sites', 'homePage', NULL, NULL, NULL, NULL, NULL, NULL, NULL, '2018-03-28 08:39:20'),
(88, 110, 'Front Page', 'https://www.learneron.net/', 'Sites', 'homePage', NULL, NULL, NULL, NULL, NULL, NULL, NULL, '2018-03-28 10:32:38'),
(89, 111, 'Tag Related Questions', 'https://www.learneron.net/tag/none', 'Questions', 'questionTag', NULL, NULL, NULL, NULL, NULL, NULL, NULL, '2018-03-28 14:13:06'),
(90, 112, 'Front Page', 'https://www.learneron.net/', 'Sites', 'homePage', NULL, NULL, NULL, NULL, NULL, NULL, NULL, '2018-03-28 15:15:35'),
(91, 103, 'Front Page', 'https://www.learneron.net/', 'Sites', 'homePage', NULL, NULL, NULL, NULL, NULL, NULL, NULL, '2018-03-28 16:39:38'),
(92, 113, 'Front Page', 'https://www.learneron.net/', 'Sites', 'homePage', NULL, NULL, NULL, NULL, NULL, NULL, NULL, '2018-03-28 17:48:30'),
(93, 114, 'Front Page', 'https://www.learneron.net/', 'Sites', 'homePage', NULL, NULL, NULL, NULL, NULL, NULL, NULL, '2018-03-28 17:48:31'),
(94, 115, 'Front Page', 'https://www.learneron.net/', 'Sites', 'homePage', NULL, NULL, NULL, NULL, NULL, NULL, NULL, '2018-03-28 17:49:05'),
(95, 116, 'Front Page', 'https://www.learneron.net/', 'Sites', 'homePage', NULL, NULL, NULL, NULL, NULL, NULL, NULL, '2018-03-28 20:36:56'),
(96, 117, 'Front Page', 'https://www.learneron.net/', 'Sites', 'homePage', NULL, NULL, NULL, NULL, NULL, NULL, NULL, '2018-03-28 20:53:12'),
(97, 118, 'Front Page', 'https://www.learneron.net/', 'Sites', 'homePage', NULL, NULL, NULL, NULL, NULL, NULL, NULL, '2018-03-28 22:48:48'),
(98, 7, 'Front Page', 'https://www.learneron.net/', 'Sites', 'homePage', NULL, NULL, NULL, NULL, NULL, NULL, NULL, '2018-03-28 22:50:39'),
(99, 119, 'Front Page', 'https://www.learneron.net/', 'Sites', 'homePage', NULL, NULL, NULL, NULL, NULL, NULL, NULL, '2018-03-29 01:05:40'),
(100, 2, 'Front Page', 'https://www.learneron.net/', 'Sites', 'homePage', NULL, NULL, NULL, NULL, NULL, NULL, NULL, '2018-03-29 02:03:53'),
(101, 28, 'Tag Related Questions', 'https://www.learneron.net/tag/self-presentation', 'Questions', 'questionTag', NULL, NULL, NULL, NULL, NULL, NULL, 47, '2018-03-29 02:19:56'),
(102, 120, 'Front Page', 'https://www.learneron.net/', 'Sites', 'homePage', NULL, NULL, NULL, NULL, NULL, NULL, NULL, '2018-03-29 05:46:51'),
(103, 10, 'Front Page', 'https://www.learneron.net/', 'Sites', 'homePage', NULL, NULL, NULL, NULL, NULL, NULL, NULL, '2018-03-29 06:12:04'),
(104, 121, 'Front Page', 'https://www.learneron.net/', 'Sites', 'homePage', NULL, NULL, NULL, NULL, NULL, NULL, NULL, '2018-03-29 07:07:11'),
(105, 121, 'Latest Question Listing', 'https://www.learneron.net/questions', 'Questions', 'allQuestions', NULL, NULL, NULL, NULL, NULL, NULL, NULL, '2018-03-29 07:08:46'),
(106, 121, 'News Details', 'https://www.learneron.net/news/details/just-testing-news', 'News', 'details', 8, NULL, NULL, NULL, NULL, NULL, NULL, '2018-03-29 07:09:26'),
(107, 121, 'Faqs', 'https://www.learneron.net/faqs', 'Sites', 'faqs', NULL, NULL, NULL, NULL, NULL, NULL, NULL, '2018-03-29 07:10:58'),
(108, 121, 'Tag Listing', 'https://www.learneron.net/tags', 'Tags', 'index', NULL, NULL, NULL, NULL, NULL, NULL, NULL, '2018-03-29 07:11:49'),
(109, 121, 'Tag Related Questions', 'https://www.learneron.net/tag/sales-skills', 'Questions', 'questionTag', NULL, NULL, NULL, NULL, NULL, NULL, 48, '2018-03-29 07:12:29'),
(110, 121, 'Privacy', 'https://www.learneron.net/privacy', 'Sites', 'privacy', NULL, NULL, NULL, NULL, NULL, NULL, NULL, '2018-03-29 07:16:42'),
(111, 121, 'News Listing', 'https://www.learneron.net/news', 'News', 'newsListing', NULL, NULL, NULL, NULL, NULL, NULL, NULL, '2018-03-29 07:17:21'),
(112, 121, 'Terms and Conditions', 'https://www.learneron.net/terms-of-use', 'Sites', 'termsAndConditions', NULL, NULL, NULL, NULL, NULL, NULL, NULL, '2018-03-29 07:18:03'),
(113, 121, 'Question Category', 'https://www.learneron.net/category/languages', 'Questions', 'questionCategory', NULL, NULL, NULL, NULL, 31, NULL, NULL, '2018-03-29 07:19:09'),
(114, 122, 'Front Page', 'https://www.learneron.net/', 'Sites', 'homePage', NULL, NULL, NULL, NULL, NULL, NULL, NULL, '2018-03-29 09:44:13'),
(115, 2, 'Users Listing', 'https://www.learneron.net/users/all-users', 'Users', 'allUsers', NULL, NULL, NULL, NULL, NULL, NULL, NULL, '2018-03-29 10:36:45'),
(116, 123, 'Front Page', 'https://www.learneron.net/', 'Sites', 'homePage', NULL, NULL, NULL, NULL, NULL, NULL, NULL, '2018-03-29 11:11:40'),
(117, 28, 'Tag Related Questions', 'https://www.learneron.net/tag/android', 'Questions', 'questionTag', NULL, NULL, NULL, NULL, NULL, NULL, 1, '2018-03-29 11:33:47'),
(118, 124, 'Front Page', 'https://www.learneron.net/', 'Sites', 'homePage', NULL, NULL, NULL, NULL, NULL, NULL, NULL, '2018-03-29 11:52:51'),
(119, 8, 'Front Page', 'https://www.learneron.net/', 'Sites', 'homePage', NULL, NULL, NULL, NULL, NULL, NULL, NULL, '2018-03-29 12:33:02'),
(120, 28, 'Contact Us', 'https://www.learneron.net/contact-us', 'Sites', 'contactUs', NULL, NULL, NULL, NULL, NULL, NULL, NULL, '2018-03-29 12:54:35'),
(121, 3, 'Front Page', 'https://www.learneron.net/', 'Sites', 'homePage', NULL, NULL, NULL, NULL, NULL, NULL, NULL, '2018-03-29 13:30:44'),
(122, 28, 'Front Page', 'https://www.learneron.net/', 'Sites', 'homePage', NULL, NULL, NULL, NULL, NULL, NULL, NULL, '2018-03-29 14:13:56'),
(123, 14, 'Front Page', 'https://www.learneron.net/', 'Sites', 'homePage', NULL, NULL, NULL, NULL, NULL, NULL, NULL, '2018-03-29 15:39:36'),
(124, 7, 'Front Page', 'https://www.learneron.net/', 'Sites', 'homePage', NULL, NULL, NULL, NULL, NULL, NULL, NULL, '2018-03-29 18:11:49'),
(125, 125, 'Front Page', 'https://www.learneron.net/', 'Sites', 'homePage', NULL, NULL, NULL, NULL, NULL, NULL, NULL, '2018-03-29 19:12:35'),
(126, 35, 'Front Page', 'https://www.learneron.net/', 'Sites', 'homePage', NULL, NULL, NULL, NULL, NULL, NULL, NULL, '2018-03-29 19:24:10'),
(127, 28, 'Tag Listing', 'https://www.learneron.net/tags', 'Tags', 'index', NULL, NULL, NULL, NULL, NULL, NULL, NULL, '2018-03-29 20:21:01'),
(128, 126, 'Front Page', 'https://www.learneron.net/', 'Sites', 'homePage', NULL, NULL, NULL, NULL, NULL, NULL, NULL, '2018-03-29 20:57:33'),
(129, 2, 'Front Page', 'https://www.learneron.net/', 'Sites', 'homePage', NULL, NULL, NULL, NULL, NULL, NULL, NULL, '2018-03-30 00:29:11'),
(130, 127, 'Front Page', 'https://www.learneron.net/', 'Sites', 'homePage', NULL, NULL, NULL, NULL, NULL, NULL, NULL, '2018-03-30 01:19:00'),
(131, 14, 'Front Page', 'https://www.learneron.net/', 'Sites', 'homePage', NULL, NULL, NULL, NULL, NULL, NULL, NULL, '2018-03-30 01:28:49'),
(132, 26, 'Front Page', 'https://www.learneron.net/', 'Sites', 'homePage', NULL, NULL, NULL, NULL, NULL, NULL, NULL, '2018-03-30 01:30:44'),
(133, 35, 'Front Page', 'https://www.learneron.net/', 'Sites', 'homePage', NULL, NULL, NULL, NULL, NULL, NULL, NULL, '2018-03-30 01:30:49'),
(134, 8, 'Users Listing', 'https://www.learneron.net/users', 'Users', 'allUsers', NULL, NULL, NULL, NULL, NULL, NULL, NULL, '2018-03-30 01:59:49'),
(135, 28, 'Front Page', 'https://www.learneron.net/', 'Sites', 'homePage', NULL, NULL, NULL, NULL, NULL, NULL, NULL, '2018-03-30 02:47:02'),
(136, 8, 'Tag Related Questions', 'https://www.learneron.net/tag/none', 'Questions', 'questionTag', NULL, NULL, NULL, NULL, NULL, NULL, NULL, '2018-03-30 03:46:13'),
(137, 128, 'Question Category', 'https://www.learneron.net/category/personal-development-or-coaching', 'Questions', 'questionCategory', NULL, NULL, NULL, NULL, 30, NULL, NULL, '2018-03-30 03:48:35'),
(138, 7, 'News Category', 'https://www.learneron.net/news/category/business', 'News', 'category', NULL, 22, NULL, NULL, NULL, NULL, NULL, '2018-03-30 04:16:18'),
(139, 129, 'Front Page', 'https://www.learneron.net/', 'Sites', 'homePage', NULL, NULL, NULL, NULL, NULL, NULL, NULL, '2018-03-30 04:46:23'),
(140, 130, 'Front Page', 'https://www.learneron.net/', 'Sites', 'homePage', NULL, NULL, NULL, NULL, NULL, NULL, NULL, '2018-03-30 04:57:21'),
(141, 36, 'Front Page', 'https://www.learneron.net/', 'Sites', 'homePage', NULL, NULL, NULL, NULL, NULL, NULL, NULL, '2018-03-30 06:34:31'),
(142, 10, 'Front Page', 'https://www.learneron.net/', 'Sites', 'homePage', NULL, NULL, NULL, NULL, NULL, NULL, NULL, '2018-03-30 07:04:36'),
(143, 28, 'News Details', 'https://www.learneron.net/news/details/kids-movie-kunfu', 'News', 'details', 4, NULL, NULL, NULL, NULL, NULL, NULL, '2018-03-30 07:13:09'),
(144, 7, 'Front Page', 'https://www.learneron.net/', 'Sites', 'homePage', NULL, NULL, NULL, NULL, NULL, NULL, NULL, '2018-03-30 11:17:19'),
(145, 8, 'Front Page', 'https://www.learneron.net/', 'Sites', 'homePage', NULL, NULL, NULL, NULL, NULL, NULL, NULL, '2018-03-30 11:46:39'),
(146, 7, 'Tag Related Questions', 'https://www.learneron.net/tag/android', 'Questions', 'questionTag', NULL, NULL, NULL, NULL, NULL, NULL, 1, '2018-03-30 13:03:45'),
(147, 131, 'Front Page', 'https://www.learneron.net/', 'Sites', 'homePage', NULL, NULL, NULL, NULL, NULL, NULL, NULL, '2018-03-30 14:30:34'),
(148, 25, 'Front Page', 'https://www.learneron.net/', 'Sites', 'homePage', NULL, NULL, NULL, NULL, NULL, NULL, NULL, '2018-03-30 14:45:55'),
(149, 11, 'Front Page', 'https://www.learneron.net/', 'Sites', 'homePage', NULL, NULL, NULL, NULL, NULL, NULL, NULL, '2018-03-30 15:07:34'),
(150, 132, 'Front Page', 'https://www.learneron.net/', 'Sites', 'homePage', NULL, NULL, NULL, NULL, NULL, NULL, NULL, '2018-03-30 15:55:49'),
(151, 133, 'Front Page', 'https://www.learneron.net/', 'Sites', 'homePage', NULL, NULL, NULL, NULL, NULL, NULL, NULL, '2018-03-30 19:47:31'),
(152, 23, 'Front Page', 'https://www.learneron.net/', 'Sites', 'homePage', NULL, NULL, NULL, NULL, NULL, NULL, NULL, '2018-03-30 20:51:48'),
(153, 135, 'Front Page', 'https://www.learneron.net/', 'Sites', 'homePage', NULL, NULL, NULL, NULL, NULL, NULL, NULL, '2018-03-30 23:02:44'),
(154, 134, 'Front Page', 'https://www.learneron.net/', 'Sites', 'homePage', NULL, NULL, NULL, NULL, NULL, NULL, NULL, '2018-03-30 23:02:44'),
(155, 42, 'Front Page', 'https://www.learneron.net/', 'Sites', 'homePage', NULL, NULL, NULL, NULL, NULL, NULL, NULL, '2018-03-30 23:05:35'),
(156, 2, 'Front Page', 'https://www.learneron.net/', 'Sites', 'homePage', NULL, NULL, NULL, NULL, NULL, NULL, NULL, '2018-03-31 00:12:51'),
(157, 14, 'Front Page', 'https://www.learneron.net/', 'Sites', 'homePage', NULL, NULL, NULL, NULL, NULL, NULL, NULL, '2018-03-31 00:22:40'),
(158, 136, 'Front Page', 'https://www.learneron.net/', 'Sites', 'homePage', NULL, NULL, NULL, NULL, NULL, NULL, NULL, '2018-03-31 01:49:31'),
(159, 35, 'Question Category', 'https://www.learneron.net/category/hard-skills-learning-to-know-eg-math-coding-data-science', 'Questions', 'questionCategory', NULL, NULL, NULL, NULL, 28, NULL, NULL, '2018-03-31 01:53:52'),
(160, 8, 'Front Page', 'https://www.learneron.net/', 'Sites', 'homePage', NULL, NULL, NULL, NULL, NULL, NULL, NULL, '2018-03-31 02:20:15'),
(161, 7, 'Contact Us', 'https://www.learneron.net/contact-us', 'Sites', 'contactUs', NULL, NULL, NULL, NULL, NULL, NULL, NULL, '2018-03-31 02:39:48'),
(162, 137, 'Front Page', 'https://www.learneron.net/', 'Sites', 'homePage', NULL, NULL, NULL, NULL, NULL, NULL, NULL, '2018-03-31 02:51:05'),
(163, 138, 'Front Page', 'https://www.learneron.net/', 'Sites', 'homePage', NULL, NULL, NULL, NULL, NULL, NULL, NULL, '2018-03-31 02:59:47'),
(164, 7, 'Front Page', 'https://www.learneron.net/', 'Sites', 'homePage', NULL, NULL, NULL, NULL, NULL, NULL, NULL, '2018-03-31 03:09:54'),
(165, 52, 'Front Page', 'https://www.learneron.net/', 'Sites', 'homePage', NULL, NULL, NULL, NULL, NULL, NULL, NULL, '2018-03-31 06:43:04'),
(166, 139, 'Front Page', 'https://www.learneron.net/', 'Sites', 'homePage', NULL, NULL, NULL, NULL, NULL, NULL, NULL, '2018-03-31 11:54:37'),
(167, 140, 'Front Page', 'https://www.learneron.net/', 'Sites', 'homePage', NULL, NULL, NULL, NULL, NULL, NULL, NULL, '2018-03-31 12:20:32'),
(168, 28, 'Tag Related Questions', 'https://www.learneron.net/tag/none', 'Questions', 'questionTag', NULL, NULL, NULL, NULL, NULL, NULL, NULL, '2018-03-31 13:01:59'),
(169, 141, 'Front Page', 'https://www.learneron.net/', 'Sites', 'homePage', NULL, NULL, NULL, NULL, NULL, NULL, NULL, '2018-03-31 16:10:11'),
(170, 141, 'Users Listing', 'https://www.learneron.net/users', 'Users', 'allUsers', NULL, NULL, NULL, NULL, NULL, NULL, NULL, '2018-03-31 16:10:41'),
(171, 141, 'More Users', 'https://www.learneron.net/users/search', 'Users', 'search', NULL, NULL, NULL, NULL, NULL, NULL, NULL, '2018-03-31 16:10:55'),
(173, 26, 'Front Page', 'https://www.learneron.net/', 'Sites', 'homePage', NULL, NULL, NULL, NULL, NULL, NULL, NULL, '2018-03-31 16:43:42'),
(174, 35, 'Front Page', 'https://www.learneron.net/', 'Sites', 'homePage', NULL, NULL, NULL, NULL, NULL, NULL, NULL, '2018-03-31 16:43:48'),
(175, 141, 'Tag Listing', 'https://www.learneron.net/tags', 'Tags', 'index', NULL, NULL, NULL, NULL, NULL, NULL, NULL, '2018-03-31 16:45:28'),
(176, 141, 'Latest Question Listing', 'https://www.learneron.net/questions', 'Questions', 'allQuestions', NULL, NULL, NULL, NULL, NULL, NULL, NULL, '2018-03-31 16:45:31'),
(177, 141, 'Question Details', 'https://www.learneron.net/questions/details/MTA%3D', 'Questions', 'details', NULL, NULL, NULL, 10, NULL, NULL, NULL, '2018-03-31 16:45:39'),
(178, 141, 'Question Details', 'https://www.learneron.net/questions/details/OQ%3D%3D', 'Questions', 'details', NULL, NULL, NULL, 9, NULL, NULL, NULL, '2018-03-31 16:45:50'),
(179, 141, 'Faqs', 'https://www.learneron.net/faqs', 'Sites', 'faqs', NULL, NULL, NULL, NULL, NULL, NULL, NULL, '2018-03-31 17:02:02'),
(180, 142, 'Front Page', 'https://www.learneron.net/', 'Sites', 'homePage', NULL, NULL, NULL, NULL, NULL, NULL, NULL, '2018-03-31 17:22:23'),
(181, 143, 'Front Page', 'https://www.learneron.net/', 'Sites', 'homePage', NULL, NULL, NULL, NULL, NULL, NULL, NULL, '2018-03-31 17:54:33'),
(182, 143, 'Login', 'https://www.learneron.net/users/login/', 'Users', 'login', NULL, NULL, 67, NULL, NULL, NULL, NULL, '2018-03-31 17:59:01'),
(183, 144, 'My Account', 'https://www.learneron.net/my-account', 'Users', 'myAccount', NULL, NULL, 67, NULL, NULL, NULL, NULL, '2018-03-31 17:59:01'),
(184, 144, 'Update Profile Picture', 'https://www.learneron.net/users/upload-profile-picture/', 'Users', 'uploadProfilePicture', NULL, NULL, 67, NULL, NULL, NULL, NULL, '2018-03-31 17:59:33'),
(185, 144, 'Users Listing', 'https://www.learneron.net/users', 'Users', 'allUsers', NULL, NULL, 67, NULL, NULL, NULL, NULL, '2018-03-31 17:59:47'),
(186, 144, 'More Users', 'https://www.learneron.net/users/search', 'Users', 'search', NULL, NULL, 67, NULL, NULL, NULL, NULL, '2018-03-31 17:59:54'),
(187, 144, 'Logout', 'https://www.learneron.net/logout', 'Users', 'logout', NULL, NULL, 67, NULL, NULL, NULL, NULL, '2018-03-31 18:02:16'),
(188, 143, 'Signup', 'https://www.learneron.net/users/signup/', 'Users', 'signup', NULL, NULL, 69, NULL, NULL, NULL, NULL, '2018-03-31 18:02:50'),
(189, 145, 'Users Listing', 'https://www.learneron.net/users', 'Users', 'allUsers', NULL, NULL, NULL, NULL, NULL, NULL, NULL, '2018-03-31 19:18:32'),
(190, 146, 'Front Page', 'https://www.learneron.net/', 'Sites', 'homePage', NULL, NULL, NULL, NULL, NULL, NULL, NULL, '2018-03-31 19:39:36'),
(191, 10, 'Front Page', 'https://www.learneron.net/', 'Sites', 'homePage', NULL, NULL, NULL, NULL, NULL, NULL, NULL, '2018-03-31 22:53:22'),
(192, 147, 'Front Page', 'https://www.learneron.net/', 'Sites', 'homePage', NULL, NULL, NULL, NULL, NULL, NULL, NULL, '2018-03-31 23:12:28'),
(193, 14, 'Front Page', 'https://www.learneron.net/', 'Sites', 'homePage', NULL, NULL, NULL, NULL, NULL, NULL, NULL, '2018-04-01 01:07:46'),
(194, 2, 'Front Page', 'https://www.learneron.net/', 'Sites', 'homePage', NULL, NULL, NULL, NULL, NULL, NULL, NULL, '2018-04-01 02:07:59'),
(195, 7, 'Front Page', 'https://www.learneron.net/', 'Sites', 'homePage', NULL, NULL, NULL, NULL, NULL, NULL, NULL, '2018-04-01 03:30:16'),
(196, 8, 'Tag Related Questions', 'https://www.learneron.net/tag/android', 'Questions', 'questionTag', NULL, NULL, NULL, NULL, NULL, NULL, 1, '2018-04-01 04:31:36'),
(197, 148, 'Front Page', 'https://www.learneron.net/', 'Sites', 'homePage', NULL, NULL, NULL, NULL, NULL, NULL, NULL, '2018-04-01 04:35:30'),
(198, 149, 'Front Page', 'https://www.learneron.net/', 'Sites', 'homePage', NULL, NULL, NULL, NULL, NULL, NULL, NULL, '2018-04-01 04:35:35'),
(199, 28, 'Tag Listing', 'https://www.learneron.net/tags', 'Tags', 'index', NULL, NULL, NULL, NULL, NULL, NULL, NULL, '2018-04-01 08:42:31'),
(200, 28, 'News Category', 'https://www.learneron.net/news/category/business', 'News', 'category', NULL, 22, NULL, NULL, NULL, NULL, NULL, '2018-04-01 11:21:21'),
(201, 2, 'Users Listing', 'https://www.learneron.net/users/all-users', 'Users', 'allUsers', NULL, NULL, NULL, NULL, NULL, NULL, NULL, '2018-04-01 11:22:59'),
(202, 150, 'Front Page', 'https://www.learneron.net/', 'Sites', 'homePage', NULL, NULL, NULL, NULL, NULL, NULL, NULL, '2018-04-01 12:41:46'),
(203, 25, 'Front Page', 'https://www.learneron.net/', 'Sites', 'homePage', NULL, NULL, NULL, NULL, NULL, NULL, NULL, '2018-04-01 15:59:37'),
(204, 35, 'Front Page', 'https://www.learneron.net/', 'Sites', 'homePage', NULL, NULL, NULL, NULL, NULL, NULL, NULL, '2018-04-01 15:59:39'),
(205, 141, 'User Account Verification', 'https://www.learneron.net/users/verify/KEY1522513247HVF/MTUyMjUxMzI0OA==', 'Users', 'verify', NULL, NULL, NULL, NULL, NULL, NULL, NULL, '2018-04-01 16:10:14'),
(206, 151, 'Front Page', 'https://www.learneron.net/', 'Sites', 'homePage', NULL, NULL, NULL, NULL, NULL, NULL, NULL, '2018-04-01 16:24:02'),
(207, 28, 'Tag Related Questions', 'https://www.learneron.net/tag/commercial', 'Questions', 'questionTag', NULL, NULL, NULL, NULL, NULL, NULL, 10, '2018-04-01 17:21:00'),
(208, 134, 'Front Page', 'https://www.learneron.net/', 'Sites', 'homePage', NULL, NULL, NULL, NULL, NULL, NULL, NULL, '2018-04-01 18:43:40'),
(209, 26, 'Front Page', 'https://www.learneron.net/', 'Sites', 'homePage', NULL, NULL, NULL, NULL, NULL, NULL, NULL, '2018-04-01 20:37:41'),
(210, 152, 'Front Page', 'https://www.learneron.net/', 'Sites', 'homePage', NULL, NULL, NULL, NULL, NULL, NULL, NULL, '2018-04-01 21:07:18'),
(211, 28, 'Tag Related Questions', 'https://www.learneron.net/tag/presentation', 'Questions', 'questionTag', NULL, NULL, NULL, NULL, NULL, NULL, 46, '2018-04-01 23:47:49'),
(212, 2, 'Front Page', 'https://www.learneron.net/', 'Sites', 'homePage', NULL, NULL, NULL, NULL, NULL, NULL, NULL, '2018-04-02 00:08:03'),
(213, 8, 'Tag Related Questions', 'https://www.learneron.net/tag/angular', 'Questions', 'questionTag', NULL, NULL, NULL, NULL, NULL, NULL, NULL, '2018-04-02 01:06:15'),
(214, 129, 'Front Page', 'https://www.learneron.net/', 'Sites', 'homePage', NULL, NULL, NULL, NULL, NULL, NULL, NULL, '2018-04-02 02:46:01'),
(215, 14, 'Front Page', 'https://www.learneron.net/', 'Sites', 'homePage', NULL, NULL, NULL, NULL, NULL, NULL, NULL, '2018-04-02 04:42:54'),
(216, 7, 'Contact Us', 'https://www.learneron.net/contact-us', 'Sites', 'contactUs', NULL, NULL, NULL, NULL, NULL, NULL, NULL, '2018-04-02 05:52:34'),
(217, 153, 'Front Page', 'https://www.learneron.net/', 'Sites', 'homePage', NULL, NULL, NULL, NULL, NULL, NULL, NULL, '2018-04-02 06:40:48'),
(218, 154, 'Front Page', 'https://www.learneron.net/', 'Sites', 'homePage', NULL, NULL, NULL, NULL, NULL, NULL, NULL, '2018-04-02 06:40:49'),
(219, 28, 'Tag Related Questions', 'https://www.learneron.net/tag/lamp', 'Questions', 'questionTag', NULL, NULL, NULL, NULL, NULL, NULL, 23, '2018-04-02 10:57:32'),
(220, 7, 'Tag Listing', 'https://www.learneron.net/tags', 'Tags', 'index', NULL, NULL, NULL, NULL, NULL, NULL, NULL, '2018-04-02 15:40:39'),
(221, 23, 'Front Page', 'https://www.learneron.net/', 'Sites', 'homePage', NULL, NULL, NULL, NULL, NULL, NULL, NULL, '2018-04-02 18:06:56'),
(222, 155, 'Front Page', 'https://www.learneron.net/', 'Sites', 'homePage', NULL, NULL, NULL, NULL, NULL, NULL, NULL, '2018-04-02 18:23:18'),
(223, 28, 'Tag Related Questions', 'https://www.learneron.net/tag/none', 'Questions', 'questionTag', NULL, NULL, NULL, NULL, NULL, NULL, NULL, '2018-04-02 19:38:29'),
(224, 24, 'Front Page', 'https://www.learneron.net/', 'Sites', 'homePage', NULL, NULL, NULL, NULL, NULL, NULL, NULL, '2018-04-02 20:46:04'),
(225, 156, 'Front Page', 'https://www.learneron.net/', 'Sites', 'homePage', NULL, NULL, NULL, NULL, NULL, NULL, NULL, '2018-04-02 21:08:57'),
(226, 28, 'Tag Related Questions', 'https://www.learneron.net/tag/android', 'Questions', 'questionTag', NULL, NULL, NULL, NULL, NULL, NULL, 1, '2018-04-02 22:17:27'),
(227, 3, 'Front Page', 'https://www.learneron.net/', 'Sites', 'homePage', NULL, NULL, NULL, NULL, NULL, NULL, NULL, '2018-04-02 22:23:54'),
(228, 157, 'News Details', 'https://www.learneron.net/news/details/kids-movie-kunfu', 'News', 'details', 4, NULL, NULL, NULL, NULL, NULL, NULL, '2018-04-02 23:21:18'),
(229, 2, 'Front Page', 'https://www.learneron.net/', 'Sites', 'homePage', NULL, NULL, NULL, NULL, NULL, NULL, NULL, '2018-04-03 00:24:48'),
(230, 28, 'News Details', 'https://www.learneron.net/news/details/test', 'News', 'details', 2, NULL, NULL, NULL, NULL, NULL, NULL, '2018-04-03 02:24:24'),
(231, 14, 'Front Page', 'https://www.learneron.net/', 'Sites', 'homePage', NULL, NULL, NULL, NULL, NULL, NULL, NULL, '2018-04-03 06:57:51'),
(232, 158, 'Front Page', 'https://www.learneron.net/', 'Sites', 'homePage', NULL, NULL, NULL, NULL, NULL, NULL, NULL, '2018-04-03 07:44:11'),
(233, 159, 'Front Page', 'https://www.learneron.net/', 'Sites', 'homePage', NULL, NULL, NULL, NULL, NULL, NULL, NULL, '2018-04-03 07:44:11'),
(234, 160, 'Front Page', 'https://www.learneron.net/', 'Sites', 'homePage', NULL, NULL, NULL, NULL, NULL, NULL, NULL, '2018-04-03 07:44:52'),
(235, 28, 'Users Listing', 'https://www.learneron.net/users', 'Users', 'allUsers', NULL, NULL, NULL, NULL, NULL, NULL, NULL, '2018-04-03 10:20:28'),
(236, 26, 'Front Page', 'https://www.learneron.net/', 'Sites', 'homePage', NULL, NULL, NULL, NULL, NULL, NULL, NULL, '2018-04-03 11:55:18'),
(237, 35, 'Front Page', 'https://www.learneron.net/', 'Sites', 'homePage', NULL, NULL, NULL, NULL, NULL, NULL, NULL, '2018-04-03 11:55:33'),
(238, 28, 'Front Page', 'https://www.learneron.net/', 'Sites', 'homePage', NULL, NULL, NULL, NULL, NULL, NULL, NULL, '2018-04-03 16:16:33'),
(239, 161, 'Front Page', 'https://www.learneron.net/', 'Sites', 'homePage', NULL, NULL, NULL, NULL, NULL, NULL, NULL, '2018-04-03 17:49:36'),
(240, 162, 'Front Page', 'https://www.learneron.net/', 'Sites', 'homePage', NULL, NULL, NULL, NULL, NULL, NULL, NULL, '2018-04-03 18:24:40'),
(241, 163, 'Front Page', 'https://www.learneron.net/', 'Sites', 'homePage', NULL, NULL, NULL, NULL, NULL, NULL, NULL, '2018-04-03 19:49:36'),
(242, 164, 'Front Page', 'https://www.learneron.net/', 'Sites', 'homePage', NULL, NULL, NULL, NULL, NULL, NULL, NULL, '2018-04-03 21:40:40'),
(243, 165, 'Front Page', 'https://www.learneron.net/', 'Sites', 'homePage', NULL, NULL, NULL, NULL, NULL, NULL, NULL, '2018-04-03 21:52:05'),
(244, 166, 'Contact Us', 'https://www.learneron.net/contact-us', 'Sites', 'contactUs', NULL, NULL, NULL, NULL, NULL, NULL, NULL, '2018-04-03 22:04:36'),
(245, 167, 'Front Page', 'https://www.learneron.net/', 'Sites', 'homePage', NULL, NULL, NULL, NULL, NULL, NULL, NULL, '2018-04-03 22:53:14'),
(246, 129, 'Tag Related Questions', 'https://www.learneron.net/tag/android', 'Questions', 'questionTag', NULL, NULL, NULL, NULL, NULL, NULL, 1, '2018-04-03 23:18:28'),
(247, 2, 'Front Page', 'https://www.learneron.net/', 'Sites', 'homePage', NULL, NULL, NULL, NULL, NULL, NULL, NULL, '2018-04-04 00:02:09'),
(248, 168, 'Front Page', 'https://www.learneron.net/', 'Sites', 'homePage', NULL, NULL, NULL, NULL, NULL, NULL, NULL, '2018-04-04 00:39:52'),
(249, 14, 'Front Page', 'https://www.learneron.net/', 'Sites', 'homePage', NULL, NULL, NULL, NULL, NULL, NULL, NULL, '2018-04-04 00:48:03'),
(250, 28, 'News Category', 'https://www.learneron.net/news/category/business', 'News', 'category', NULL, 22, NULL, NULL, NULL, NULL, NULL, '2018-04-04 01:00:26'),
(251, 169, 'Front Page', 'https://www.learneron.net/', 'Sites', 'homePage', NULL, NULL, NULL, NULL, NULL, NULL, NULL, '2018-04-04 06:03:50'),
(252, 158, 'Front Page', 'https://www.learneron.net/', 'Sites', 'homePage', NULL, NULL, NULL, NULL, NULL, NULL, NULL, '2018-04-04 09:29:46'),
(253, 170, 'Front Page', 'https://www.learneron.net/', 'Sites', 'homePage', NULL, NULL, NULL, NULL, NULL, NULL, NULL, '2018-04-04 12:51:40'),
(254, 28, 'Tag Related Questions', 'https://www.learneron.net/tag/none', 'Questions', 'questionTag', NULL, NULL, NULL, NULL, NULL, NULL, NULL, '2018-04-04 15:48:33'),
(255, 2, 'Users Listing', 'https://www.learneron.net/users/all-users', 'Users', 'allUsers', NULL, NULL, NULL, NULL, NULL, NULL, NULL, '2018-04-04 16:33:14'),
(256, 171, 'Front Page', 'https://www.learneron.net/', 'Sites', 'homePage', NULL, NULL, NULL, NULL, NULL, NULL, NULL, '2018-04-04 17:47:42'),
(257, 171, 'Latest Question Listing', 'https://www.learneron.net/questions', 'Questions', 'allQuestions', NULL, NULL, NULL, NULL, NULL, NULL, NULL, '2018-04-04 17:47:49'),
(258, 171, 'Question Details', 'https://www.learneron.net/questions/details/MTA%3D', 'Questions', 'details', NULL, NULL, NULL, 10, NULL, NULL, NULL, '2018-04-04 17:47:54'),
(259, 172, 'Question Details', 'https://www.learneron.net/questions/details/MTA%3D', 'Questions', 'details', NULL, NULL, NULL, 10, NULL, NULL, NULL, '2018-04-04 17:49:12'),
(260, 7, 'Tag Related Questions', 'https://www.learneron.net/tag/apps', 'Questions', 'questionTag', NULL, NULL, NULL, NULL, NULL, NULL, 2, '2018-04-04 18:23:12'),
(261, 173, 'Front Page', 'https://www.learneron.net/', 'Sites', 'homePage', NULL, NULL, NULL, NULL, NULL, NULL, NULL, '2018-04-04 19:57:24'),
(262, 172, 'Front Page', 'https://www.learneron.net/', 'Sites', 'homePage', NULL, NULL, NULL, NULL, NULL, NULL, NULL, '2018-04-04 20:01:31'),
(264, 89, 'Front Page', 'https://www.learneron.net/', 'Sites', 'homePage', NULL, NULL, NULL, NULL, NULL, NULL, NULL, '2018-04-04 20:06:19'),
(266, 28, 'News Listing', 'https://www.learneron.net/news', 'News', 'newsListing', NULL, NULL, NULL, NULL, NULL, NULL, NULL, '2018-04-04 21:28:03'),
(267, 174, 'Front Page', 'https://www.learneron.net/', 'Sites', 'homePage', NULL, NULL, NULL, NULL, NULL, NULL, NULL, '2018-04-04 22:16:51'),
(268, 8, 'Users Listing', 'https://www.learneron.net/users', 'Users', 'allUsers', NULL, NULL, NULL, NULL, NULL, NULL, NULL, '2018-04-04 22:19:02'),
(269, 2, 'Front Page', 'https://www.learneron.net/', 'Sites', 'homePage', NULL, NULL, NULL, NULL, NULL, NULL, NULL, '2018-04-05 00:41:14'),
(270, 175, 'News Details', 'https://www.learneron.net/news/details/just-testing-news', 'News', 'details', 8, NULL, NULL, NULL, NULL, NULL, NULL, '2018-04-05 01:29:30'),
(271, 176, 'Front Page', 'https://www.learneron.net/', 'Sites', 'homePage', NULL, NULL, NULL, NULL, NULL, NULL, NULL, '2018-04-05 01:48:08'),
(272, 177, 'Front Page', 'https://www.learneron.net/', 'Sites', 'homePage', NULL, NULL, NULL, NULL, NULL, NULL, NULL, '2018-04-05 02:46:16'),
(273, 14, 'Front Page', 'https://www.learneron.net/', 'Sites', 'homePage', NULL, NULL, NULL, NULL, NULL, NULL, NULL, '2018-04-05 08:57:57'),
(274, 178, 'Question Category', 'https://www.learneron.net/category/vocational-skills-learning-to-do-eg-manufacturing-healthcare-social-assistance', 'Questions', 'questionCategory', NULL, NULL, NULL, NULL, 27, NULL, NULL, '2018-04-05 11:28:30'),
(275, 179, 'Front Page', 'https://www.learneron.net/', 'Sites', 'homePage', NULL, NULL, NULL, NULL, NULL, NULL, NULL, '2018-04-05 11:56:32'),
(276, 156, 'Front Page', 'https://www.learneron.net/', 'Sites', 'homePage', NULL, NULL, NULL, NULL, NULL, NULL, NULL, '2018-04-05 12:44:55'),
(277, 153, 'Front Page', 'https://www.learneron.net/', 'Sites', 'homePage', NULL, NULL, NULL, NULL, NULL, NULL, NULL, '2018-04-05 12:45:04'),
(278, 154, 'Front Page', 'https://www.learneron.net/', 'Sites', 'homePage', NULL, NULL, NULL, NULL, NULL, NULL, NULL, '2018-04-05 12:45:10'),
(279, 23, 'Front Page', 'https://www.learneron.net/', 'Sites', 'homePage', NULL, NULL, NULL, NULL, NULL, NULL, NULL, '2018-04-05 12:46:52'),
(280, 180, 'News Details', 'https://www.learneron.net/news/details/learneron-net-in-testing-mode', 'News', 'details', 7, NULL, NULL, NULL, NULL, NULL, NULL, '2018-04-05 14:07:58'),
(281, 181, 'Front Page', 'https://www.learneron.net/', 'Sites', 'homePage', NULL, NULL, NULL, NULL, NULL, NULL, NULL, '2018-04-05 14:31:39'),
(282, 182, 'Front Page', 'https://www.learneron.net/', 'Sites', 'homePage', NULL, NULL, NULL, NULL, NULL, NULL, NULL, '2018-04-05 14:50:16'),
(283, 7, 'Front Page', 'https://www.learneron.net/', 'Sites', 'homePage', NULL, NULL, NULL, NULL, NULL, NULL, NULL, '2018-04-05 16:04:08'),
(284, 129, 'Front Page', 'https://www.learneron.net/', 'Sites', 'homePage', NULL, NULL, NULL, NULL, NULL, NULL, NULL, '2018-04-05 16:15:16'),
(285, 180, 'Terms and Conditions', 'https://www.learneron.net/terms-of-use', 'Sites', 'termsAndConditions', NULL, NULL, NULL, NULL, NULL, NULL, NULL, '2018-04-05 19:27:22'),
(286, 183, 'Front Page', 'https://www.learneron.net/', 'Sites', 'homePage', NULL, NULL, NULL, NULL, NULL, NULL, NULL, '2018-04-05 21:00:57'),
(287, 180, 'News Details', 'https://www.learneron.net/news/details/kids-movie-kunfu-1', 'News', 'details', 5, NULL, NULL, NULL, NULL, NULL, NULL, '2018-04-05 21:18:57'),
(288, 159, 'Front Page', 'https://www.learneron.net/', 'Sites', 'homePage', NULL, NULL, NULL, NULL, NULL, NULL, NULL, '2018-04-05 21:57:40'),
(289, 37, 'Front Page', 'https://www.learneron.net/', 'Sites', 'homePage', NULL, NULL, NULL, NULL, NULL, NULL, NULL, '2018-04-05 21:57:41'),
(290, 184, 'Front Page', 'https://www.learneron.net/', 'Sites', 'homePage', NULL, NULL, NULL, NULL, NULL, NULL, NULL, '2018-04-05 21:59:29'),
(291, 185, 'Front Page', 'https://www.learneron.net/', 'Sites', 'homePage', NULL, NULL, NULL, NULL, NULL, NULL, NULL, '2018-04-05 22:45:38'),
(292, 2, 'Front Page', 'https://www.learneron.net/', 'Sites', 'homePage', NULL, NULL, NULL, NULL, NULL, NULL, NULL, '2018-04-06 01:08:55'),
(293, 14, 'Front Page', 'https://www.learneron.net/', 'Sites', 'homePage', NULL, NULL, NULL, NULL, NULL, NULL, NULL, '2018-04-06 02:25:02'),
(294, 186, 'Front Page', 'https://www.learneron.net/', 'Sites', 'homePage', NULL, NULL, NULL, NULL, NULL, NULL, NULL, '2018-04-06 03:04:16'),
(295, 187, 'Front Page', 'https://www.learneron.net/', 'Sites', 'homePage', NULL, NULL, NULL, NULL, NULL, NULL, NULL, '2018-04-06 04:00:30'),
(296, 24, 'Front Page', 'https://www.learneron.net/', 'Sites', 'homePage', NULL, NULL, NULL, NULL, NULL, NULL, NULL, '2018-04-06 10:14:52'),
(297, 54, 'Terms and Conditions', 'https://www.learneron.net/terms-of-use', 'Sites', 'termsAndConditions', NULL, NULL, NULL, NULL, NULL, NULL, NULL, '2018-04-06 11:28:40'),
(298, 185, 'Front Page', 'https://www.learneron.net/', 'Sites', 'homePage', NULL, NULL, NULL, NULL, NULL, NULL, NULL, '2018-04-06 11:43:57'),
(299, 119, 'Front Page', 'https://www.learneron.net/', 'Sites', 'homePage', NULL, NULL, NULL, NULL, NULL, NULL, NULL, '2018-04-06 18:50:53'),
(300, 188, 'Front Page', 'https://www.learneron.net/', 'Sites', 'homePage', NULL, NULL, NULL, NULL, NULL, NULL, NULL, '2018-04-06 19:02:04'),
(301, 188, 'Latest Question Listing', 'https://www.learneron.net/questions', 'Questions', 'allQuestions', NULL, NULL, NULL, NULL, NULL, NULL, NULL, '2018-04-06 19:02:11'),
(302, 188, 'Most Viewed Question Listing', 'https://www.learneron.net/most-viewed-questions', 'Questions', 'mostViewedQuestions', NULL, NULL, NULL, NULL, NULL, NULL, NULL, '2018-04-06 19:03:09'),
(303, 188, 'Unanswered Question Listing', 'https://www.learneron.net/un-answered-questions', 'Questions', 'unAnsweredQuestions', NULL, NULL, NULL, NULL, NULL, NULL, NULL, '2018-04-06 19:03:51'),
(304, 188, 'Tag Listing', 'https://www.learneron.net/tags', 'Tags', 'index', NULL, NULL, NULL, NULL, NULL, NULL, NULL, '2018-04-06 19:04:01'),
(305, 25, 'Front Page', 'https://www.learneron.net/', 'Sites', 'homePage', NULL, NULL, NULL, NULL, NULL, NULL, NULL, '2018-04-06 19:39:10'),
(306, 189, 'Tag Listing', 'https://www.learneron.net/tags', 'Tags', 'index', NULL, NULL, NULL, NULL, NULL, NULL, NULL, '2018-04-06 19:54:09'),
(307, 190, 'Most Viewed Question Listing For Home Page', 'https://www.learneron.net/sites/most-viewed', 'Sites', 'mostViewed', NULL, NULL, NULL, NULL, NULL, NULL, NULL, '2018-04-06 19:57:10'),
(308, 191, 'Unanswered Question Listing', 'https://www.learneron.net/un-answered-questions', 'Questions', 'unAnsweredQuestions', NULL, NULL, NULL, NULL, NULL, NULL, NULL, '2018-04-06 20:00:07'),
(309, 192, 'Most Viewed Question Listing', 'https://www.learneron.net/most-viewed-questions', 'Questions', 'mostViewedQuestions', NULL, NULL, NULL, NULL, NULL, NULL, NULL, '2018-04-06 20:03:16'),
(310, 2, 'Front Page', 'https://www.learneron.net/', 'Sites', 'homePage', NULL, NULL, NULL, NULL, NULL, NULL, NULL, '2018-04-07 00:11:40'),
(311, 193, 'Front Page', 'https://www.learneron.net/', 'Sites', 'homePage', NULL, NULL, NULL, NULL, NULL, NULL, NULL, '2018-04-07 02:31:35'),
(312, 194, 'Front Page', 'https://www.learneron.net/', 'Sites', 'homePage', NULL, NULL, NULL, NULL, NULL, NULL, NULL, '2018-04-07 03:49:06'),
(313, 195, 'Front Page', 'https://www.learneron.net/', 'Sites', 'homePage', NULL, NULL, NULL, NULL, NULL, NULL, NULL, '2018-04-07 04:04:27'),
(314, 3, 'Front Page', 'https://www.learneron.net/', 'Sites', 'homePage', NULL, NULL, NULL, NULL, NULL, NULL, NULL, '2018-04-07 06:49:13'),
(315, 28, 'Tag Related Questions', 'https://www.learneron.net/tag/c', 'Questions', 'questionTag', NULL, NULL, NULL, NULL, NULL, NULL, 34, '2018-04-07 08:29:25'),
(316, 196, 'Front Page', 'https://www.learneron.net/', 'Sites', 'homePage', NULL, NULL, NULL, NULL, NULL, NULL, NULL, '2018-04-07 09:44:10'),
(317, 11, 'Front Page', 'https://www.learneron.net/', 'Sites', 'homePage', NULL, NULL, NULL, NULL, NULL, NULL, NULL, '2018-04-07 10:18:28'),
(318, 197, 'Front Page', 'https://www.learneron.net/', 'Sites', 'homePage', NULL, NULL, NULL, NULL, NULL, NULL, NULL, '2018-04-07 10:29:04'),
(319, 129, 'News Listing', 'https://www.learneron.net/news', 'News', 'newsListing', NULL, NULL, NULL, NULL, NULL, NULL, NULL, '2018-04-07 14:44:41'),
(320, 7, 'Tag Listing', 'https://www.learneron.net/tags', 'Tags', 'index', NULL, NULL, NULL, NULL, NULL, NULL, NULL, '2018-04-07 17:16:05'),
(321, 28, 'Front Page', 'https://www.learneron.net/', 'Sites', 'homePage', NULL, NULL, NULL, NULL, NULL, NULL, NULL, '2018-04-07 17:44:19'),
(322, 7, 'Front Page', 'https://www.learneron.net/', 'Sites', 'homePage', NULL, NULL, NULL, NULL, NULL, NULL, NULL, '2018-04-07 18:01:50'),
(323, 198, 'Front Page', 'https://www.learneron.net/', 'Sites', 'homePage', NULL, NULL, NULL, NULL, NULL, NULL, NULL, '2018-04-07 18:05:37'),
(324, 199, 'Front Page', 'https://www.learneron.net/', 'Sites', 'homePage', NULL, NULL, NULL, NULL, NULL, NULL, NULL, '2018-04-07 21:12:27'),
(325, 200, 'Front Page', 'https://www.learneron.net/', 'Sites', 'homePage', NULL, NULL, NULL, NULL, NULL, NULL, NULL, '2018-04-07 22:28:30'),
(326, 2, 'Front Page', 'https://www.learneron.net/', 'Sites', 'homePage', NULL, NULL, NULL, NULL, NULL, NULL, NULL, '2018-04-08 00:16:47'),
(327, 201, 'Front Page', 'https://www.learneron.net/', 'Sites', 'homePage', NULL, NULL, NULL, NULL, NULL, NULL, NULL, '2018-04-08 02:42:56'),
(328, 185, 'Front Page', 'https://www.learneron.net/', 'Sites', 'homePage', NULL, NULL, NULL, NULL, NULL, NULL, NULL, '2018-04-08 02:42:58'),
(329, 23, 'Front Page', 'https://www.learneron.net/', 'Sites', 'homePage', NULL, NULL, NULL, NULL, NULL, NULL, NULL, '2018-04-08 06:40:09'),
(330, 28, 'Tag Related Questions', 'https://www.learneron.net/tag/auction', 'Questions', 'questionTag', NULL, NULL, NULL, NULL, NULL, NULL, NULL, '2018-04-08 07:43:02'),
(331, 29, 'Front Page', 'https://www.learneron.net/', 'Sites', 'homePage', NULL, NULL, NULL, NULL, NULL, NULL, NULL, '2018-04-08 08:04:46'),
(332, 29, 'Latest Question Listing', 'https://www.learneron.net/questions', 'Questions', 'allQuestions', NULL, NULL, NULL, NULL, NULL, NULL, NULL, '2018-04-08 08:07:43'),
(333, 29, 'Question Details', 'https://www.learneron.net/questions/details/MTA%3D', 'Questions', 'details', NULL, NULL, NULL, 10, NULL, NULL, NULL, '2018-04-08 08:07:46'),
(334, 29, 'Users Listing', 'https://www.learneron.net/users', 'Users', 'allUsers', NULL, NULL, NULL, NULL, NULL, NULL, NULL, '2018-04-08 08:08:00'),
(335, 29, 'More Users', 'https://www.learneron.net/users/search', 'Users', 'search', NULL, NULL, NULL, NULL, NULL, NULL, NULL, '2018-04-08 08:08:12'),
(336, 29, 'News Listing', 'https://www.learneron.net/news', 'News', 'newsListing', NULL, NULL, NULL, NULL, NULL, NULL, NULL, '2018-04-08 08:08:21'),
(337, 29, 'News Details', 'https://www.learneron.net/news/details/learneron-net-in-testing-mode', 'News', 'details', 7, NULL, NULL, NULL, NULL, NULL, NULL, '2018-04-08 08:08:36'),
(338, 202, 'Front Page', 'https://www.learneron.net/', 'Sites', 'homePage', NULL, NULL, NULL, NULL, NULL, NULL, NULL, '2018-04-08 09:46:41'),
(339, 202, 'Contact Us', 'https://www.learneron.net/contact-us', 'Sites', 'contactUs', NULL, NULL, NULL, NULL, NULL, NULL, NULL, '2018-04-08 09:46:42'),
(340, 28, 'Front Page', 'https://www.learneron.net/', 'Sites', 'homePage', NULL, NULL, NULL, NULL, NULL, NULL, NULL, '2018-04-08 13:45:30');
INSERT INTO `learn_visitor_logs` (`id`, `visitor_id`, `page_name`, `page_url`, `controller`, `method`, `news_id`, `news_category_id`, `user_id`, `question_id`, `question_category_id`, `answer_id`, `tag_id`, `visited_time`) VALUES
(341, 203, 'Front Page', 'https://www.learneron.net/', 'Sites', 'homePage', NULL, NULL, NULL, NULL, NULL, NULL, NULL, '2018-04-08 14:35:24'),
(342, 204, 'Front Page', 'https://www.learneron.net/', 'Sites', 'homePage', NULL, NULL, NULL, NULL, NULL, NULL, NULL, '2018-04-08 15:02:50'),
(343, 205, 'Front Page', 'https://www.learneron.net/', 'Sites', 'homePage', NULL, NULL, NULL, NULL, NULL, NULL, NULL, '2018-04-08 15:12:12'),
(344, 206, 'Front Page', 'https://www.learneron.net/', 'Sites', 'homePage', NULL, NULL, NULL, NULL, NULL, NULL, NULL, '2018-04-08 16:11:30'),
(345, 162, 'Front Page', 'https://www.learneron.net/', 'Sites', 'homePage', NULL, NULL, NULL, NULL, NULL, NULL, NULL, '2018-04-08 17:33:17'),
(346, 114, 'Front Page', 'https://www.learneron.net/', 'Sites', 'homePage', NULL, NULL, NULL, NULL, NULL, NULL, NULL, '2018-04-08 17:33:17'),
(347, 207, 'Front Page', 'https://www.learneron.net/', 'Sites', 'homePage', NULL, NULL, NULL, NULL, NULL, NULL, NULL, '2018-04-08 18:36:58'),
(348, 147, 'Front Page', 'https://www.learneron.net/', 'Sites', 'homePage', NULL, NULL, NULL, NULL, NULL, NULL, NULL, '2018-04-08 20:40:52'),
(349, 208, 'Front Page', 'https://www.learneron.net/', 'Sites', 'homePage', NULL, NULL, NULL, NULL, NULL, NULL, NULL, '2018-04-08 21:45:41'),
(350, 209, 'Front Page', 'https://www.learneron.net/', 'Sites', 'homePage', NULL, NULL, NULL, NULL, NULL, NULL, NULL, '2018-04-08 21:46:01'),
(351, 210, 'Front Page', 'https://www.learneron.net/', 'Sites', 'homePage', NULL, NULL, NULL, NULL, NULL, NULL, NULL, '2018-04-08 23:45:18'),
(352, 2, 'Front Page', 'https://www.learneron.net/', 'Sites', 'homePage', NULL, NULL, NULL, NULL, NULL, NULL, NULL, '2018-04-09 00:45:13'),
(353, 209, 'Front Page', 'https://www.learneron.net/', 'Sites', 'homePage', NULL, NULL, NULL, NULL, NULL, NULL, NULL, '2018-04-09 02:56:35'),
(354, 211, 'Front Page', 'https://www.learneron.net/', 'Sites', 'homePage', NULL, NULL, NULL, NULL, NULL, NULL, NULL, '2018-04-09 03:04:12'),
(355, 28, 'Front Page', 'https://www.learneron.net/', 'Sites', 'homePage', NULL, NULL, NULL, NULL, NULL, NULL, NULL, '2018-04-09 06:26:37'),
(356, 212, 'Front Page', 'https://www.learneron.net/', 'Sites', 'homePage', NULL, NULL, NULL, NULL, NULL, NULL, NULL, '2018-04-09 08:30:11'),
(357, 213, 'Question Category', 'https://www.learneron.net/category/hard-skills-learning-to-know-eg-math-coding-data-science', 'Questions', 'questionCategory', NULL, NULL, NULL, NULL, 28, NULL, NULL, '2018-04-09 08:49:25'),
(358, 214, 'Front Page', 'https://www.learneron.net/', 'Sites', 'homePage', NULL, NULL, NULL, NULL, NULL, NULL, NULL, '2018-04-09 08:52:39'),
(359, 215, 'Front Page', 'https://www.learneron.net/', 'Sites', 'homePage', NULL, NULL, NULL, NULL, NULL, NULL, NULL, '2018-04-09 11:22:22'),
(360, 216, 'Faqs', 'https://www.learneron.net/faqs', 'Sites', 'faqs', NULL, NULL, NULL, NULL, NULL, NULL, NULL, '2018-04-09 11:35:57'),
(361, 217, 'Front Page', 'https://www.learneron.net/', 'Sites', 'homePage', NULL, NULL, NULL, NULL, NULL, NULL, NULL, '2018-04-09 11:53:52'),
(362, 86, 'Front Page', 'https://www.learneron.net/', 'Sites', 'homePage', NULL, NULL, NULL, NULL, NULL, NULL, NULL, '2018-04-09 14:31:36'),
(363, 218, 'Front Page', 'https://www.learneron.net/', 'Sites', 'homePage', NULL, NULL, NULL, NULL, NULL, NULL, NULL, '2018-04-09 14:35:20'),
(364, 218, 'Tag Related Questions', 'https://www.learneron.net/tag/sales-skills', 'Questions', 'questionTag', NULL, NULL, NULL, NULL, NULL, NULL, 48, '2018-04-09 14:36:25'),
(365, 218, 'Latest Question Listing', 'https://www.learneron.net/questions', 'Questions', 'allQuestions', NULL, NULL, NULL, NULL, NULL, NULL, NULL, '2018-04-09 14:36:36'),
(366, 218, 'Tag Related Questions', 'https://www.learneron.net/tag/spanish', 'Questions', 'questionTag', NULL, NULL, NULL, NULL, NULL, NULL, 25, '2018-04-09 14:36:55'),
(367, 218, 'News Details', 'https://www.learneron.net/news/details/learneron-net-in-testing-mode', 'News', 'details', 7, NULL, NULL, NULL, NULL, NULL, NULL, '2018-04-09 14:37:14'),
(368, 219, 'Front Page', 'https://www.learneron.net/', 'Sites', 'homePage', NULL, NULL, NULL, NULL, NULL, NULL, NULL, '2018-04-09 14:37:17'),
(369, 219, 'About Us', 'https://www.learneron.net/about-us', 'Sites', 'aboutUs', NULL, NULL, NULL, NULL, NULL, NULL, NULL, '2018-04-09 14:37:19'),
(370, 220, 'Front Page', 'https://www.learneron.net/', 'Sites', 'homePage', NULL, NULL, NULL, NULL, NULL, NULL, NULL, '2018-04-09 17:22:11'),
(371, 221, 'Front Page', 'https://www.learneron.net/', 'Sites', 'homePage', NULL, NULL, NULL, NULL, NULL, NULL, NULL, '2018-04-09 17:22:11'),
(372, 96, 'Front Page', 'https://www.learneron.net/', 'Sites', 'homePage', NULL, NULL, NULL, NULL, NULL, NULL, NULL, '2018-04-09 18:45:14'),
(373, 222, 'Front Page', 'https://www.learneron.net/', 'Sites', 'homePage', NULL, NULL, NULL, NULL, NULL, NULL, NULL, '2018-04-09 19:26:26'),
(374, 7, 'Front Page', 'https://www.learneron.net/', 'Sites', 'homePage', NULL, NULL, NULL, NULL, NULL, NULL, NULL, '2018-04-09 20:13:11'),
(375, 29, 'Front Page', 'https://www.learneron.net/', 'Sites', 'homePage', NULL, NULL, NULL, NULL, NULL, NULL, NULL, '2018-04-09 20:25:23'),
(376, 29, 'Signup', 'https://www.learneron.net/users/signup/', 'Users', 'signup', NULL, NULL, 71, NULL, NULL, NULL, NULL, '2018-04-09 20:36:16'),
(377, 29, 'Setting in Signup', 'https://www.learneron.net/users/signup_setting/', 'Users', 'signupSetting', NULL, NULL, 71, NULL, NULL, NULL, NULL, '2018-04-09 20:36:39'),
(378, 29, 'Login', 'https://www.learneron.net/users/login/', 'Users', 'login', NULL, NULL, 34, NULL, NULL, NULL, NULL, '2018-04-09 20:56:02'),
(379, 223, 'My Account', 'https://www.learneron.net/my-account', 'Users', 'myAccount', NULL, NULL, 34, NULL, NULL, NULL, NULL, '2018-04-09 20:56:02'),
(380, 223, 'Edit Profile', 'https://www.learneron.net/edit-profile', 'Users', 'editProfile', NULL, NULL, 34, NULL, NULL, NULL, NULL, '2018-04-09 20:56:25'),
(381, 223, 'Front Page', 'https://www.learneron.net/', 'Sites', 'homePage', NULL, NULL, 34, NULL, NULL, NULL, NULL, '2018-04-09 20:59:03'),
(382, 223, 'Question Details', 'https://www.learneron.net/questions/details/MTA%3D', 'Questions', 'details', NULL, NULL, 34, 10, NULL, NULL, NULL, '2018-04-09 20:59:56'),
(383, 223, 'Question Category', 'https://www.learneron.net/category/languages', 'Questions', 'questionCategory', NULL, NULL, 34, NULL, 31, NULL, NULL, '2018-04-09 21:00:19'),
(384, 224, 'Front Page', 'https://www.learneron.net/', 'Sites', 'homePage', NULL, NULL, NULL, NULL, NULL, NULL, NULL, '2018-04-09 21:13:57'),
(385, 223, 'Logout', 'https://www.learneron.net/logout', 'Users', 'logout', NULL, NULL, 34, NULL, NULL, NULL, NULL, '2018-04-09 21:23:36'),
(386, 225, 'Front Page', 'https://www.learneron.net/', 'Sites', 'homePage', NULL, NULL, NULL, NULL, NULL, NULL, NULL, '2018-04-09 21:54:08'),
(387, 23, 'Front Page', 'https://www.learneron.net/', 'Sites', 'homePage', NULL, NULL, NULL, NULL, NULL, NULL, NULL, '2018-04-09 22:47:23'),
(388, 158, 'Front Page', 'https://www.learneron.net/', 'Sites', 'homePage', NULL, NULL, NULL, NULL, NULL, NULL, NULL, '2018-04-09 23:22:10'),
(389, 2, 'Front Page', 'https://www.learneron.net/', 'Sites', 'homePage', NULL, NULL, NULL, NULL, NULL, NULL, NULL, '2018-04-10 01:21:09'),
(390, 95, 'Front Page', 'https://www.learneron.net/', 'Sites', 'homePage', NULL, NULL, NULL, NULL, NULL, NULL, NULL, '2018-04-10 01:56:00'),
(391, 114, 'Front Page', 'https://www.learneron.net/', 'Sites', 'homePage', NULL, NULL, NULL, NULL, NULL, NULL, NULL, '2018-04-10 03:38:57'),
(392, 29, 'Front Page', 'https://www.learneron.net/', 'Sites', 'homePage', NULL, NULL, NULL, NULL, NULL, NULL, NULL, '2018-04-10 05:01:47'),
(393, 226, 'Front Page', 'https://www.learneron.net/', 'Sites', 'homePage', NULL, NULL, NULL, NULL, NULL, NULL, NULL, '2018-04-10 05:29:31'),
(394, 227, 'Front Page', 'https://www.learneron.net/', 'Sites', 'homePage', NULL, NULL, NULL, NULL, NULL, NULL, NULL, '2018-04-10 05:29:37'),
(395, 28, 'Front Page', 'https://www.learneron.net/', 'Sites', 'homePage', NULL, NULL, NULL, NULL, NULL, NULL, NULL, '2018-04-10 05:44:11'),
(396, 228, 'Front Page', 'https://www.learneron.net/', 'Sites', 'homePage', NULL, NULL, NULL, NULL, NULL, NULL, NULL, '2018-04-10 05:54:44'),
(397, 196, 'Front Page', 'https://www.learneron.net/', 'Sites', 'homePage', NULL, NULL, NULL, NULL, NULL, NULL, NULL, '2018-04-10 10:32:12'),
(398, 209, 'Front Page', 'https://www.learneron.net/', 'Sites', 'homePage', NULL, NULL, NULL, NULL, NULL, NULL, NULL, '2018-04-10 10:38:34'),
(399, 213, 'Front Page', 'https://www.learneron.net/', 'Sites', 'homePage', NULL, NULL, NULL, NULL, NULL, NULL, NULL, '2018-04-10 10:38:40'),
(400, 2, 'Question Details', 'https://www.learneron.net/questions/details/none', 'Questions', 'details', NULL, NULL, NULL, NULL, NULL, NULL, NULL, '2018-04-10 12:09:40'),
(401, 96, 'Front Page', 'https://www.learneron.net/', 'Sites', 'homePage', NULL, NULL, NULL, NULL, NULL, NULL, NULL, '2018-04-10 14:16:05'),
(402, 100, 'Front Page', 'https://www.learneron.net/', 'Sites', 'homePage', NULL, NULL, NULL, NULL, NULL, NULL, NULL, '2018-04-10 14:30:13'),
(403, 229, 'Front Page', 'https://www.learneron.net/', 'Sites', 'homePage', NULL, NULL, NULL, NULL, NULL, NULL, NULL, '2018-04-10 14:43:20'),
(404, 230, 'Front Page', 'https://www.learneron.net/', 'Sites', 'homePage', NULL, NULL, NULL, NULL, NULL, NULL, NULL, '2018-04-10 14:56:43'),
(405, 231, 'Contact Us', 'https://www.learneron.net/contact-us', 'Sites', 'contactUs', NULL, NULL, NULL, NULL, NULL, NULL, NULL, '2018-04-10 15:53:33'),
(406, 231, 'Latest Question Listing', 'https://www.learneron.net/questions', 'Questions', 'allQuestions', NULL, NULL, NULL, NULL, NULL, NULL, NULL, '2018-04-10 15:53:35'),
(407, 231, 'Faqs', 'https://www.learneron.net/faqs', 'Sites', 'faqs', NULL, NULL, NULL, NULL, NULL, NULL, NULL, '2018-04-10 15:53:39'),
(408, 232, 'Front Page', 'https://www.learneron.net/', 'Sites', 'homePage', NULL, NULL, NULL, NULL, NULL, NULL, NULL, '2018-04-10 15:53:51'),
(409, 233, 'Front Page', 'https://www.learneron.net/', 'Sites', 'homePage', NULL, NULL, NULL, NULL, NULL, NULL, NULL, '2018-04-10 16:29:39'),
(410, 220, 'Front Page', 'https://www.learneron.net/', 'Sites', 'homePage', NULL, NULL, NULL, NULL, NULL, NULL, NULL, '2018-04-10 17:09:39'),
(411, 29, 'About Us', 'https://www.learneron.net/about-us', 'Sites', 'aboutUs', NULL, NULL, NULL, NULL, NULL, NULL, NULL, '2018-04-10 19:10:04'),
(412, 234, 'Front Page', 'https://www.learneron.net/', 'Sites', 'homePage', NULL, NULL, NULL, NULL, NULL, NULL, NULL, '2018-04-10 19:35:22'),
(415, 234, 'User Account Verification', 'https://www.learneron.net/users/verify/JIH1523389373MIT/MTUyMzM4OTM3Mw==', 'Users', 'verify', NULL, NULL, NULL, NULL, NULL, NULL, NULL, '2018-04-10 19:51:05'),
(417, 235, 'Front Page', 'https://www.learneron.net/', 'Sites', 'homePage', NULL, NULL, NULL, NULL, NULL, NULL, NULL, '2018-04-10 21:05:35'),
(418, 236, 'Front Page', 'https://www.learneron.net/', 'Sites', 'homePage', NULL, NULL, NULL, NULL, NULL, NULL, NULL, '2018-04-10 21:15:12'),
(419, 237, 'Front Page', 'https://www.learneron.net/', 'Sites', 'homePage', NULL, NULL, NULL, NULL, NULL, NULL, NULL, '2018-04-10 21:24:19'),
(420, 238, 'Front Page', 'https://www.learneron.net/', 'Sites', 'homePage', NULL, NULL, NULL, NULL, NULL, NULL, NULL, '2018-04-10 21:33:56'),
(421, 3, 'Front Page', 'https://www.learneron.net/', 'Sites', 'homePage', NULL, NULL, NULL, NULL, NULL, NULL, NULL, '2018-04-10 22:40:10'),
(422, 239, 'Front Page', 'https://www.learneron.net/', 'Sites', 'homePage', NULL, NULL, NULL, NULL, NULL, NULL, NULL, '2018-04-10 23:32:31'),
(423, 240, 'Front Page', 'https://www.learneron.net/', 'Sites', 'homePage', NULL, NULL, NULL, NULL, NULL, NULL, NULL, '2018-04-11 00:12:12'),
(424, 2, 'Front Page', 'https://www.learneron.net/', 'Sites', 'homePage', NULL, NULL, NULL, NULL, NULL, NULL, NULL, '2018-04-11 00:24:49'),
(425, 230, 'Front Page', 'https://www.learneron.net/', 'Sites', 'homePage', NULL, NULL, NULL, NULL, NULL, NULL, NULL, '2018-04-11 01:08:25'),
(426, 241, 'Front Page', 'https://www.learneron.net/', 'Sites', 'homePage', NULL, NULL, NULL, NULL, NULL, NULL, NULL, '2018-04-11 01:21:29'),
(427, 107, 'Front Page', 'https://www.learneron.net/', 'Sites', 'homePage', NULL, NULL, NULL, NULL, NULL, NULL, NULL, '2018-04-11 02:22:36'),
(428, 242, 'Front Page', 'https://www.learneron.net/', 'Sites', 'homePage', NULL, NULL, NULL, NULL, NULL, NULL, NULL, '2018-04-11 02:26:08'),
(429, 243, 'Front Page', 'https://www.learneron.net/', 'Sites', 'homePage', NULL, NULL, NULL, NULL, NULL, NULL, NULL, '2018-04-11 03:53:15'),
(430, 185, 'Front Page', 'https://www.learneron.net/', 'Sites', 'homePage', NULL, NULL, NULL, NULL, NULL, NULL, NULL, '2018-04-11 03:53:39'),
(431, 112, 'Front Page', 'https://www.learneron.net/', 'Sites', 'homePage', NULL, NULL, NULL, NULL, NULL, NULL, NULL, '2018-04-11 11:15:41'),
(432, 129, 'Front Page', 'https://www.learneron.net/', 'Sites', 'homePage', NULL, NULL, NULL, NULL, NULL, NULL, NULL, '2018-04-11 14:08:01'),
(433, 244, 'Front Page', 'https://www.learneron.net/', 'Sites', 'homePage', NULL, NULL, NULL, NULL, NULL, NULL, NULL, '2018-04-11 14:11:38'),
(434, 244, 'About Us', 'https://www.learneron.net/about-us', 'Sites', 'aboutUs', NULL, NULL, NULL, NULL, NULL, NULL, NULL, '2018-04-11 14:13:00'),
(435, 245, 'Front Page', 'https://www.learneron.net/', 'Sites', 'homePage', NULL, NULL, NULL, NULL, NULL, NULL, NULL, '2018-04-11 15:29:44'),
(436, 246, 'Front Page', 'https://www.learneron.net/', 'Sites', 'homePage', NULL, NULL, NULL, NULL, NULL, NULL, NULL, '2018-04-11 16:03:31'),
(437, 220, 'Front Page', 'https://www.learneron.net/', 'Sites', 'homePage', NULL, NULL, NULL, NULL, NULL, NULL, NULL, '2018-04-11 17:01:45'),
(438, 247, 'Front Page', 'https://www.learneron.net/', 'Sites', 'homePage', NULL, NULL, NULL, NULL, NULL, NULL, NULL, '2018-04-11 17:16:03'),
(439, 248, 'Front Page', 'https://www.learneron.net/', 'Sites', 'homePage', NULL, NULL, NULL, NULL, NULL, NULL, NULL, '2018-04-11 17:16:56'),
(440, 249, 'Front Page', 'https://www.learneron.net/', 'Sites', 'homePage', NULL, NULL, NULL, NULL, NULL, NULL, NULL, '2018-04-11 17:34:54'),
(445, 29, 'Front Page', 'https://www.learneron.net/', 'Sites', 'homePage', NULL, NULL, NULL, NULL, NULL, NULL, NULL, '2018-04-11 18:45:53'),
(446, 251, 'Front Page', 'https://www.learneron.net/', 'Sites', 'homePage', NULL, NULL, NULL, NULL, NULL, NULL, NULL, '2018-04-11 19:56:54'),
(447, 252, 'Front Page', 'https://www.learneron.net/', 'Sites', 'homePage', NULL, NULL, NULL, NULL, NULL, NULL, NULL, '2018-04-11 20:19:45'),
(448, 252, 'Login', 'https://www.learneron.net/users/login/', 'Users', 'login', NULL, NULL, 27, NULL, NULL, NULL, NULL, '2018-04-11 20:19:59'),
(449, 253, 'My Account', 'https://www.learneron.net/my-account', 'Users', 'myAccount', NULL, NULL, 27, NULL, NULL, NULL, NULL, '2018-04-11 20:19:59'),
(450, 253, 'Logout', 'https://www.learneron.net/logout', 'Users', 'logout', NULL, NULL, 27, NULL, NULL, NULL, NULL, '2018-04-11 20:20:11'),
(451, 201, 'Front Page', 'https://www.learneron.net/', 'Sites', 'homePage', NULL, NULL, NULL, NULL, NULL, NULL, NULL, '2018-04-11 20:50:37'),
(452, 54, 'Front Page', 'https://www.learneron.net/', 'Sites', 'homePage', NULL, NULL, NULL, NULL, NULL, NULL, NULL, '2018-04-11 21:21:57'),
(453, 254, 'Front Page', 'https://www.learneron.net/', 'Sites', 'homePage', NULL, NULL, NULL, NULL, NULL, NULL, NULL, '2018-04-11 22:01:54'),
(454, 2, 'News Category', 'https://www.learneron.net/news/category/marketing', 'News', 'category', NULL, 24, NULL, NULL, NULL, NULL, NULL, '2018-04-11 23:13:26'),
(455, 2, 'Front Page', 'https://www.learneron.net/', 'Sites', 'homePage', NULL, NULL, NULL, NULL, NULL, NULL, NULL, '2018-04-12 01:44:33'),
(456, 113, 'Faqs', 'https://www.learneron.net/faqs', 'Sites', 'faqs', NULL, NULL, NULL, NULL, NULL, NULL, NULL, '2018-04-12 03:35:51'),
(457, 255, 'Front Page', 'https://www.learneron.net/', 'Sites', 'homePage', NULL, NULL, NULL, NULL, NULL, NULL, NULL, '2018-04-12 07:33:00'),
(458, 28, 'Tag Listing', 'https://www.learneron.net/tags', 'Tags', 'index', NULL, NULL, NULL, NULL, NULL, NULL, NULL, '2018-04-12 07:43:33'),
(459, 256, 'Front Page', 'https://www.learneron.net/', 'Sites', 'homePage', NULL, NULL, NULL, NULL, NULL, NULL, NULL, '2018-04-12 09:18:53'),
(460, 257, 'Front Page', 'https://www.learneron.net/', 'Sites', 'homePage', NULL, NULL, NULL, NULL, NULL, NULL, NULL, '2018-04-12 09:21:43'),
(461, 258, 'Front Page', 'https://www.learneron.net/', 'Sites', 'homePage', NULL, NULL, NULL, NULL, NULL, NULL, NULL, '2018-04-12 10:16:51'),
(462, 259, 'Front Page', 'https://www.learneron.net/', 'Sites', 'homePage', NULL, NULL, NULL, NULL, NULL, NULL, NULL, '2018-04-12 15:35:00'),
(463, 260, 'Front Page', 'https://www.learneron.net/', 'Sites', 'homePage', NULL, NULL, NULL, NULL, NULL, NULL, NULL, '2018-04-12 16:26:01'),
(464, 261, 'Front Page', 'https://www.learneron.net/', 'Sites', 'homePage', NULL, NULL, NULL, NULL, NULL, NULL, NULL, '2018-04-12 17:28:47'),
(465, 139, 'Front Page', 'https://www.learneron.net/', 'Sites', 'homePage', NULL, NULL, NULL, NULL, NULL, NULL, NULL, '2018-04-12 20:08:46'),
(466, 23, 'Front Page', 'https://www.learneron.net/', 'Sites', 'homePage', NULL, NULL, NULL, NULL, NULL, NULL, NULL, '2018-04-12 20:23:21'),
(467, 262, 'Front Page', 'https://www.learneron.net/', 'Sites', 'homePage', NULL, NULL, NULL, NULL, NULL, NULL, NULL, '2018-04-12 20:45:31'),
(468, 261, 'Login', 'https://www.learneron.net/users/login/', 'Users', 'login', NULL, NULL, 35, NULL, NULL, NULL, NULL, '2018-04-12 21:03:40'),
(469, 19, 'My Account', 'https://www.learneron.net/my-account', 'Users', 'myAccount', NULL, NULL, 35, NULL, NULL, NULL, NULL, '2018-04-12 21:03:40'),
(470, 19, 'Logout', 'https://www.learneron.net/logout', 'Users', 'logout', NULL, NULL, 35, NULL, NULL, NULL, NULL, '2018-04-12 21:04:03'),
(471, 19, 'Front Page', 'https://www.learneron.net/', 'Sites', 'homePage', NULL, NULL, 35, NULL, NULL, NULL, NULL, '2018-04-12 21:20:17'),
(472, 263, 'Front Page', 'https://www.learneron.net/', 'Sites', 'homePage', NULL, NULL, NULL, NULL, NULL, NULL, NULL, '2018-04-12 21:20:40'),
(473, 19, 'Users Listing', 'https://www.learneron.net/users', 'Users', 'allUsers', NULL, NULL, 35, NULL, NULL, NULL, NULL, '2018-04-12 21:20:45'),
(474, 19, 'More Users', 'https://www.learneron.net/users/search', 'Users', 'search', NULL, NULL, 35, NULL, NULL, NULL, NULL, '2018-04-12 21:20:49'),
(475, 2, 'Front Page', 'https://www.learneron.net/', 'Sites', 'homePage', NULL, NULL, NULL, NULL, NULL, NULL, NULL, '2018-04-13 00:09:44'),
(476, 2, 'News Category', 'https://www.learneron.net/news/category/business', 'News', 'category', NULL, 22, NULL, NULL, NULL, NULL, NULL, '2018-04-13 01:48:25'),
(477, 264, 'Front Page', 'https://www.learneron.net/', 'Sites', 'homePage', NULL, NULL, NULL, NULL, NULL, NULL, NULL, '2018-04-13 01:52:53'),
(478, 42, 'Front Page', 'https://www.learneron.net/', 'Sites', 'homePage', NULL, NULL, NULL, NULL, NULL, NULL, NULL, '2018-04-13 04:04:24'),
(479, 2, 'Question Details', 'https://www.learneron.net/questions/details/privacy', 'Questions', 'details', NULL, NULL, NULL, NULL, NULL, NULL, NULL, '2018-04-13 08:53:23'),
(480, 265, 'Front Page', 'https://www.learneron.net/', 'Sites', 'homePage', NULL, NULL, NULL, NULL, NULL, NULL, NULL, '2018-04-13 08:58:33'),
(481, 266, 'Front Page', 'https://www.learneron.net/', 'Sites', 'homePage', NULL, NULL, NULL, NULL, NULL, NULL, NULL, '2018-04-13 09:20:12'),
(482, 267, 'Front Page', 'https://www.learneron.net/', 'Sites', 'homePage', NULL, NULL, NULL, NULL, NULL, NULL, NULL, '2018-04-13 12:36:39'),
(483, 91, 'Front Page', 'https://www.learneron.net/', 'Sites', 'homePage', NULL, NULL, NULL, NULL, NULL, NULL, NULL, '2018-04-13 16:40:11'),
(484, 2, 'News Category', 'https://www.learneron.net/news/category/technology', 'News', 'category', NULL, 23, NULL, NULL, NULL, NULL, NULL, '2018-04-13 20:13:07'),
(485, 2, 'News Category', 'https://www.learneron.net/news/category/learneron-net-site-news', 'News', 'category', NULL, 26, NULL, NULL, NULL, NULL, NULL, '2018-04-13 20:14:03'),
(486, 268, 'Front Page', 'https://www.learneron.net/', 'Sites', 'homePage', NULL, NULL, NULL, NULL, NULL, NULL, NULL, '2018-04-13 20:37:57'),
(487, 269, 'Front Page', 'https://www.learneron.net/', 'Sites', 'homePage', NULL, NULL, NULL, NULL, NULL, NULL, NULL, '2018-04-13 21:43:02'),
(488, 269, 'Login', 'https://www.learneron.net/users/login/', 'Users', 'login', NULL, NULL, 35, NULL, NULL, NULL, NULL, '2018-04-13 21:57:09'),
(489, 19, 'My Account', 'https://www.learneron.net/my-account', 'Users', 'myAccount', NULL, NULL, 35, NULL, NULL, NULL, NULL, '2018-04-13 21:57:09'),
(490, 19, 'Edit Profile', 'https://www.learneron.net/edit-profile', 'Users', 'editProfile', NULL, NULL, 35, NULL, NULL, NULL, NULL, '2018-04-13 21:57:12'),
(491, 225, 'Front Page', 'https://www.learneron.net/', 'Sites', 'homePage', NULL, NULL, NULL, NULL, NULL, NULL, NULL, '2018-04-13 22:03:55'),
(492, 198, 'Front Page', 'https://www.learneron.net/', 'Sites', 'homePage', NULL, NULL, NULL, NULL, NULL, NULL, NULL, '2018-04-13 22:03:57'),
(493, 19, 'Latest Question Listing', 'https://www.learneron.net/questions', 'Questions', 'allQuestions', NULL, NULL, 35, NULL, NULL, NULL, NULL, '2018-04-13 22:05:34'),
(494, 19, 'Question Details', 'https://www.learneron.net/questions/details/MTA%3D', 'Questions', 'details', NULL, NULL, 35, 10, NULL, NULL, NULL, '2018-04-13 22:05:38'),
(495, 270, 'Front Page', 'https://www.learneron.net/', 'Sites', 'homePage', NULL, NULL, NULL, NULL, NULL, NULL, NULL, '2018-04-13 22:18:28'),
(496, 271, 'Tag Related Questions', 'https://www.learneron.net/tag/business', 'Questions', 'questionTag', NULL, NULL, NULL, NULL, NULL, NULL, 15, '2018-04-13 23:50:22'),
(497, 272, 'Front Page', 'https://www.learneron.net/', 'Sites', 'homePage', NULL, NULL, NULL, NULL, NULL, NULL, NULL, '2018-04-14 00:09:38'),
(498, 273, 'Users Listing', 'https://www.learneron.net/users/all-users', 'Users', 'allUsers', NULL, NULL, NULL, NULL, NULL, NULL, NULL, '2018-04-14 01:13:28'),
(499, 2, 'Front Page', 'https://www.learneron.net/', 'Sites', 'homePage', NULL, NULL, NULL, NULL, NULL, NULL, NULL, '2018-04-14 01:58:22'),
(500, 243, 'Front Page', 'https://www.learneron.net/', 'Sites', 'homePage', NULL, NULL, NULL, NULL, NULL, NULL, NULL, '2018-04-14 02:06:17'),
(501, 274, 'Login', 'https://www.learneron.net/users/login/', 'Users', 'login', NULL, NULL, 27, NULL, NULL, NULL, NULL, '2018-04-14 04:30:58'),
(502, 253, 'My Account', 'https://www.learneron.net/my-account', 'Users', 'myAccount', NULL, NULL, 27, NULL, NULL, NULL, NULL, '2018-04-14 04:30:59'),
(503, 253, 'Edit Profile', 'https://www.learneron.net/edit-profile', 'Users', 'editProfile', NULL, NULL, 27, NULL, NULL, NULL, NULL, '2018-04-14 04:31:02'),
(504, 253, 'Update Profile', 'https://www.learneron.net/users/update-profile/', 'Users', 'updateProfile', NULL, NULL, 27, NULL, NULL, NULL, NULL, '2018-04-14 04:32:24'),
(505, 253, 'Question Details', 'https://www.learneron.net/questions/details/MTA%3D', 'Questions', 'details', NULL, NULL, 27, 10, NULL, NULL, NULL, '2018-04-14 04:32:39'),
(506, 253, 'Logout', 'https://www.learneron.net/logout', 'Users', 'logout', NULL, NULL, 27, NULL, NULL, NULL, NULL, '2018-04-14 04:35:47'),
(507, 274, 'Front Page', 'https://www.learneron.net/', 'Sites', 'homePage', NULL, NULL, NULL, NULL, NULL, NULL, NULL, '2018-04-14 04:35:47'),
(508, 275, 'Front Page', 'https://www.learneron.net/', 'Sites', 'homePage', NULL, NULL, NULL, NULL, NULL, NULL, NULL, '2018-04-14 06:46:55'),
(509, 269, 'Question Details', 'https://www.learneron.net/questions/details/MTA%3D', 'Questions', 'details', NULL, NULL, NULL, 10, NULL, NULL, NULL, '2018-04-14 06:51:15'),
(510, 269, 'Front Page', 'https://www.learneron.net/', 'Sites', 'homePage', NULL, NULL, NULL, NULL, NULL, NULL, NULL, '2018-04-14 06:55:13'),
(511, 269, 'Login', 'https://www.learneron.net/users/login/', 'Users', 'login', NULL, NULL, 35, NULL, NULL, NULL, NULL, '2018-04-14 06:55:32'),
(512, 19, 'My Account', 'https://www.learneron.net/my-account', 'Users', 'myAccount', NULL, NULL, 35, NULL, NULL, NULL, NULL, '2018-04-14 06:55:32'),
(513, 19, 'Edit Profile', 'https://www.learneron.net/edit-profile', 'Users', 'editProfile', NULL, NULL, 35, NULL, NULL, NULL, NULL, '2018-04-14 06:55:35'),
(514, 19, 'Update Profile', 'https://www.learneron.net/users/update-profile/', 'Users', 'updateProfile', NULL, NULL, 35, NULL, NULL, NULL, NULL, '2018-04-14 06:55:42'),
(515, 276, 'Front Page', 'https://www.learneron.net/', 'Sites', 'homePage', NULL, NULL, NULL, NULL, NULL, NULL, NULL, '2018-04-14 07:54:46'),
(516, 277, 'Front Page', 'https://www.learneron.net/', 'Sites', 'homePage', NULL, NULL, NULL, NULL, NULL, NULL, NULL, '2018-04-14 11:16:15'),
(517, 135, 'Front Page', 'https://www.learneron.net/', 'Sites', 'homePage', NULL, NULL, NULL, NULL, NULL, NULL, NULL, '2018-04-14 12:07:12'),
(518, 278, 'Front Page', 'https://www.learneron.net/', 'Sites', 'homePage', NULL, NULL, NULL, NULL, NULL, NULL, NULL, '2018-04-14 12:07:12'),
(519, 279, 'Front Page', 'https://www.learneron.net/', 'Sites', 'homePage', NULL, NULL, NULL, NULL, NULL, NULL, NULL, '2018-04-14 12:07:56'),
(520, 280, 'Front Page', 'https://www.learneron.net/', 'Sites', 'homePage', NULL, NULL, NULL, NULL, NULL, NULL, NULL, '2018-04-14 12:09:26'),
(521, 281, 'Front Page', 'https://www.learneron.net/', 'Sites', 'homePage', NULL, NULL, NULL, NULL, NULL, NULL, NULL, '2018-04-14 12:22:22'),
(522, 201, 'Front Page', 'https://www.learneron.net/', 'Sites', 'homePage', NULL, NULL, NULL, NULL, NULL, NULL, NULL, '2018-04-14 19:40:29'),
(523, 185, 'Front Page', 'https://www.learneron.net/', 'Sites', 'homePage', NULL, NULL, NULL, NULL, NULL, NULL, NULL, '2018-04-14 19:40:46'),
(524, 282, 'Front Page', 'https://www.learneron.net/', 'Sites', 'homePage', NULL, NULL, NULL, NULL, NULL, NULL, NULL, '2018-04-14 20:11:33'),
(525, 283, 'Front Page', 'https://www.learneron.net/', 'Sites', 'homePage', NULL, NULL, NULL, NULL, NULL, NULL, NULL, '2018-04-14 22:04:43'),
(526, 93, 'Front Page', 'https://www.learneron.net/', 'Sites', 'homePage', NULL, NULL, NULL, NULL, NULL, NULL, NULL, '2018-04-14 22:13:19'),
(527, 2, 'News Category', 'https://www.learneron.net/news/category/the-future-of-employment-in-the-learning-context', 'News', 'category', NULL, 28, NULL, NULL, NULL, NULL, NULL, '2018-04-14 23:01:44'),
(528, 284, 'News Details', 'https://www.learneron.net/news/details/learneron-net-in-testing-mode', 'News', 'details', 7, NULL, NULL, NULL, NULL, NULL, NULL, '2018-04-14 23:44:19'),
(529, 2, 'Front Page', 'https://www.learneron.net/', 'Sites', 'homePage', NULL, NULL, NULL, NULL, NULL, NULL, NULL, '2018-04-15 00:13:51'),
(530, 93, 'Front Page', 'https://www.learneron.net/', 'Sites', 'homePage', NULL, NULL, NULL, NULL, NULL, NULL, NULL, '2018-04-15 00:28:16'),
(531, 28, 'Front Page', 'https://www.learneron.net/', 'Sites', 'homePage', NULL, NULL, NULL, NULL, NULL, NULL, NULL, '2018-04-15 02:26:44'),
(532, 285, 'Front Page', 'https://www.learneron.net/', 'Sites', 'homePage', NULL, NULL, NULL, NULL, NULL, NULL, NULL, '2018-04-15 02:59:50'),
(533, 286, 'Front Page', 'https://www.learneron.net/', 'Sites', 'homePage', NULL, NULL, NULL, NULL, NULL, NULL, NULL, '2018-04-15 07:25:48'),
(534, 286, 'Signup', 'https://www.learneron.net/users/signup/', 'Users', 'signup', NULL, NULL, 75, NULL, NULL, NULL, NULL, '2018-04-15 07:45:04'),
(535, 286, 'User Account Verification', 'https://www.learneron.net/users/verify/JZV1523778304MGZ/MTUyMzc3ODMwNA==', 'Users', 'verify', NULL, NULL, NULL, NULL, NULL, NULL, NULL, '2018-04-15 07:50:19'),
(536, 286, 'Login', 'https://www.learneron.net/users/login/', 'Users', 'login', NULL, NULL, 75, NULL, NULL, NULL, NULL, '2018-04-15 07:50:44'),
(537, 287, 'My Account', 'https://www.learneron.net/my-account', 'Users', 'myAccount', NULL, NULL, 75, NULL, NULL, NULL, NULL, '2018-04-15 07:50:44'),
(538, 287, 'Update Account Setting', 'https://www.learneron.net/users/account-setting/', 'Users', 'accountSetting', NULL, NULL, 75, NULL, NULL, NULL, NULL, '2018-04-15 07:51:26'),
(539, 287, 'Edit Profile', 'https://www.learneron.net/edit-profile', 'Users', 'editProfile', NULL, NULL, 75, NULL, NULL, NULL, NULL, '2018-04-15 07:53:56'),
(540, 287, '', 'https://www.learneron.net/view-submissions', 'Users', 'viewSubmissions', NULL, NULL, 75, NULL, NULL, NULL, NULL, '2018-04-15 07:54:19'),
(541, 269, 'Front Page', 'https://www.learneron.net/', 'Sites', 'homePage', NULL, NULL, NULL, NULL, NULL, NULL, NULL, '2018-04-15 08:07:17'),
(542, 287, 'Front Page', 'https://www.learneron.net/', 'Sites', 'homePage', NULL, NULL, 75, NULL, NULL, NULL, NULL, '2018-04-15 08:22:40'),
(543, 3, 'Front Page', 'https://www.learneron.net/', 'Sites', 'homePage', NULL, NULL, NULL, NULL, NULL, NULL, NULL, '2018-04-15 09:26:49'),
(544, 286, 'About Us', 'https://www.learneron.net/about-us', 'Sites', 'aboutUs', NULL, NULL, NULL, NULL, NULL, NULL, NULL, '2018-04-15 09:33:09'),
(545, 286, 'Contact Us', 'https://www.learneron.net/contact-us', 'Sites', 'contactUs', NULL, NULL, NULL, NULL, NULL, NULL, NULL, '2018-04-15 09:39:29'),
(546, 288, 'Front Page', 'https://www.learneron.net/', 'Sites', 'homePage', NULL, NULL, NULL, NULL, NULL, NULL, NULL, '2018-04-15 11:45:40'),
(547, 289, 'Front Page', 'https://www.learneron.net/', 'Sites', 'homePage', NULL, NULL, NULL, NULL, NULL, NULL, NULL, '2018-04-15 12:08:42'),
(548, 290, 'Front Page', 'https://www.learneron.net/', 'Sites', 'homePage', NULL, NULL, NULL, NULL, NULL, NULL, NULL, '2018-04-15 13:14:58'),
(549, 290, 'About Us', 'https://www.learneron.net/about-us', 'Sites', 'aboutUs', NULL, NULL, NULL, NULL, NULL, NULL, NULL, '2018-04-15 13:15:12'),
(550, 23, 'Front Page', 'https://www.learneron.net/', 'Sites', 'homePage', NULL, NULL, NULL, NULL, NULL, NULL, NULL, '2018-04-15 16:38:19'),
(551, 260, 'Front Page', 'https://www.learneron.net/', 'Sites', 'homePage', NULL, NULL, NULL, NULL, NULL, NULL, NULL, '2018-04-15 17:26:24'),
(552, 7, 'Unanswered Question Listing For Home Page', 'https://www.learneron.net/un-answered', 'Sites', 'unAnswered', NULL, NULL, NULL, NULL, NULL, NULL, NULL, '2018-04-15 18:01:02'),
(553, 291, 'Front Page', 'https://www.learneron.net/', 'Sites', 'homePage', NULL, NULL, NULL, NULL, NULL, NULL, NULL, '2018-04-15 18:03:47'),
(554, 292, 'Front Page', 'https://www.learneron.net/', 'Sites', 'homePage', NULL, NULL, NULL, NULL, NULL, NULL, NULL, '2018-04-15 19:16:37'),
(555, 293, 'Front Page', 'https://www.learneron.net/', 'Sites', 'homePage', NULL, NULL, NULL, NULL, NULL, NULL, NULL, '2018-04-16 00:36:41'),
(556, 293, 'Tag Listing', 'https://www.learneron.net/tags', 'Tags', 'index', NULL, NULL, NULL, NULL, NULL, NULL, NULL, '2018-04-16 00:36:54'),
(557, 293, 'News Listing', 'https://www.learneron.net/news', 'News', 'newsListing', NULL, NULL, NULL, NULL, NULL, NULL, NULL, '2018-04-16 00:37:02'),
(558, 243, 'Front Page', 'https://www.learneron.net/', 'Sites', 'homePage', NULL, NULL, NULL, NULL, NULL, NULL, NULL, '2018-04-16 01:29:51'),
(559, 2, 'Front Page', 'https://www.learneron.net/', 'Sites', 'homePage', NULL, NULL, NULL, NULL, NULL, NULL, NULL, '2018-04-16 01:39:05'),
(560, 2, 'News Category', 'https://www.learneron.net/news/category/lifelong-learning-matters-of-interest', 'News', 'category', NULL, 27, NULL, NULL, NULL, NULL, NULL, '2018-04-16 01:48:26'),
(561, 294, 'Front Page', 'https://www.learneron.net/', 'Sites', 'homePage', NULL, NULL, NULL, NULL, NULL, NULL, NULL, '2018-04-16 03:19:34'),
(562, 7, 'Front Page', 'https://www.learneron.net/', 'Sites', 'homePage', NULL, NULL, NULL, NULL, NULL, NULL, NULL, '2018-04-16 08:01:27'),
(563, 295, 'Front Page', 'https://www.learneron.net/', 'Sites', 'homePage', NULL, NULL, NULL, NULL, NULL, NULL, NULL, '2018-04-16 09:16:07'),
(564, 296, 'Front Page', 'https://www.learneron.net/', 'Sites', 'homePage', NULL, NULL, NULL, NULL, NULL, NULL, NULL, '2018-04-16 10:11:52'),
(565, 297, 'Front Page', 'https://www.learneron.net/', 'Sites', 'homePage', NULL, NULL, NULL, NULL, NULL, NULL, NULL, '2018-04-16 14:19:09'),
(566, 291, 'Front Page', 'https://www.learneron.net/', 'Sites', 'homePage', NULL, NULL, NULL, NULL, NULL, NULL, NULL, '2018-04-16 16:37:50'),
(567, 298, 'Front Page', 'https://www.learneron.net/', 'Sites', 'homePage', NULL, NULL, NULL, NULL, NULL, NULL, NULL, '2018-04-16 19:16:31'),
(568, 298, 'About Us', 'https://www.learneron.net/about-us', 'Sites', 'aboutUs', NULL, NULL, NULL, NULL, NULL, NULL, NULL, '2018-04-16 19:16:37'),
(569, 298, 'Contact Us', 'https://www.learneron.net/contact-us', 'Sites', 'contactUs', NULL, NULL, NULL, NULL, NULL, NULL, NULL, '2018-04-16 19:16:41'),
(570, 298, 'Privacy', 'https://www.learneron.net/privacy', 'Sites', 'privacy', NULL, NULL, NULL, NULL, NULL, NULL, NULL, '2018-04-16 19:16:45'),
(571, 298, 'Latest Question Listing', 'https://www.learneron.net/questions', 'Questions', 'allQuestions', NULL, NULL, NULL, NULL, NULL, NULL, NULL, '2018-04-16 19:16:55'),
(572, 298, 'Tag Listing', 'https://www.learneron.net/tags', 'Tags', 'index', NULL, NULL, NULL, NULL, NULL, NULL, NULL, '2018-04-16 19:16:57'),
(573, 299, 'Front Page', 'https://www.learneron.net/', 'Sites', 'homePage', NULL, NULL, NULL, NULL, NULL, NULL, NULL, '2018-04-16 20:16:29'),
(574, 300, 'Front Page', 'https://www.learneron.net/', 'Sites', 'homePage', NULL, NULL, NULL, NULL, NULL, NULL, NULL, '2018-04-16 20:16:39'),
(575, 300, 'Signup', 'https://www.learneron.net/users/signup/', 'Users', 'signup', NULL, NULL, 76, NULL, NULL, NULL, NULL, '2018-04-16 20:29:45'),
(576, 299, 'User Account Verification', 'https://www.learneron.net/users/verify/GQU1523910584PHU/MTUyMzkxMDU4NQ==', 'Users', 'verify', NULL, NULL, NULL, NULL, NULL, NULL, NULL, '2018-04-16 20:31:58'),
(577, 301, 'Front Page', 'https://www.learneron.net/', 'Sites', 'homePage', NULL, NULL, NULL, NULL, NULL, NULL, NULL, '2018-04-16 20:38:10'),
(578, 2, 'Front Page', 'https://www.learneron.net/', 'Sites', 'homePage', NULL, NULL, NULL, NULL, NULL, NULL, NULL, '2018-04-17 00:21:10'),
(579, 302, 'Front Page', 'https://www.learneron.net/', 'Sites', 'homePage', NULL, NULL, NULL, NULL, NULL, NULL, NULL, '2018-04-17 04:42:46'),
(580, 130, 'Front Page', 'https://www.learneron.net/', 'Sites', 'homePage', NULL, NULL, NULL, NULL, NULL, NULL, NULL, '2018-04-17 07:00:18'),
(581, 303, 'Front Page', 'https://www.learneron.net/', 'Sites', 'homePage', NULL, NULL, NULL, NULL, NULL, NULL, NULL, '2018-04-17 07:01:10'),
(582, 304, 'Front Page', 'https://www.learneron.net/', 'Sites', 'homePage', NULL, NULL, NULL, NULL, NULL, NULL, NULL, '2018-04-17 07:20:27'),
(583, 53, 'Front Page', 'https://www.learneron.net/', 'Sites', 'homePage', NULL, NULL, NULL, NULL, NULL, NULL, NULL, '2018-04-17 09:13:35'),
(584, 77, 'Front Page', 'https://www.learneron.net/', 'Sites', 'homePage', NULL, NULL, NULL, NULL, NULL, NULL, NULL, '2018-04-17 10:13:22'),
(585, 305, 'Front Page', 'https://www.learneron.net/', 'Sites', 'homePage', NULL, NULL, NULL, NULL, NULL, NULL, NULL, '2018-04-17 11:40:25'),
(586, 306, 'Front Page', 'https://www.learneron.net/', 'Sites', 'homePage', NULL, NULL, NULL, NULL, NULL, NULL, NULL, '2018-04-17 12:21:37'),
(587, 307, 'Front Page', 'https://www.learneron.net/', 'Sites', 'homePage', NULL, NULL, NULL, NULL, NULL, NULL, NULL, '2018-04-17 13:07:18'),
(588, 308, 'Front Page', 'https://www.learneron.net/', 'Sites', 'homePage', NULL, NULL, NULL, NULL, NULL, NULL, NULL, '2018-04-17 15:33:31'),
(589, 309, 'Front Page', 'https://www.learneron.net/', 'Sites', 'homePage', NULL, NULL, NULL, NULL, NULL, NULL, NULL, '2018-04-17 15:38:50'),
(590, 310, 'Front Page', 'https://www.learneron.net/', 'Sites', 'homePage', NULL, NULL, NULL, NULL, NULL, NULL, NULL, '2018-04-17 18:53:33'),
(591, 310, 'Signup', 'https://www.learneron.net/users/signup/', 'Users', 'signup', NULL, NULL, 77, NULL, NULL, NULL, NULL, '2018-04-17 19:00:53'),
(592, 310, 'Latest Question Listing', 'https://www.learneron.net/questions', 'Questions', 'allQuestions', NULL, NULL, NULL, NULL, NULL, NULL, NULL, '2018-04-17 20:13:14'),
(593, 311, 'Front Page', 'https://www.learneron.net/', 'Sites', 'homePage', NULL, NULL, NULL, NULL, NULL, NULL, NULL, '2018-04-17 20:21:27'),
(594, 310, 'Login', 'https://www.learneron.net/users/login/', 'Users', 'login', NULL, NULL, 35, NULL, NULL, NULL, NULL, '2018-04-17 20:36:07'),
(595, 19, 'My Account', 'https://www.learneron.net/my-account', 'Users', 'myAccount', NULL, NULL, 35, NULL, NULL, NULL, NULL, '2018-04-17 20:36:08'),
(596, 19, 'Edit Profile', 'https://www.learneron.net/edit-profile', 'Users', 'editProfile', NULL, NULL, 35, NULL, NULL, NULL, NULL, '2018-04-17 20:36:14'),
(597, 43, 'Users Listing', 'https://www.learneron.net/users', 'Users', 'allUsers', NULL, NULL, NULL, NULL, NULL, NULL, NULL, '2018-04-17 20:51:06'),
(598, 312, 'Front Page', 'https://www.learneron.net/', 'Sites', 'homePage', NULL, NULL, NULL, NULL, NULL, NULL, NULL, '2018-04-17 20:53:38'),
(599, 36, 'Front Page', 'https://www.learneron.net/', 'Sites', 'homePage', NULL, NULL, NULL, NULL, NULL, NULL, NULL, '2018-04-17 22:13:34'),
(600, 313, 'Front Page', 'https://www.learneron.net/', 'Sites', 'homePage', NULL, NULL, NULL, NULL, NULL, NULL, NULL, '2018-04-18 02:29:20'),
(601, 2, 'Front Page', 'https://www.learneron.net/', 'Sites', 'homePage', NULL, NULL, NULL, NULL, NULL, NULL, NULL, '2018-04-18 06:57:58'),
(602, 314, 'Tag Listing', 'https://www.learneron.net/tags', 'Tags', 'index', NULL, NULL, NULL, NULL, NULL, NULL, NULL, '2018-04-18 07:08:08'),
(603, 9, 'Front Page', 'https://www.learneron.net/', 'Sites', 'homePage', NULL, NULL, NULL, NULL, NULL, NULL, NULL, '2018-04-18 08:36:39'),
(604, 243, 'Front Page', 'https://www.learneron.net/', 'Sites', 'homePage', NULL, NULL, NULL, NULL, NULL, NULL, NULL, '2018-04-18 08:48:01'),
(605, 201, 'Front Page', 'https://www.learneron.net/', 'Sites', 'homePage', NULL, NULL, NULL, NULL, NULL, NULL, NULL, '2018-04-18 08:48:04'),
(606, 31, 'Front Page', 'https://www.learneron.net/', 'Sites', 'homePage', NULL, NULL, NULL, NULL, NULL, NULL, NULL, '2018-04-18 10:04:24'),
(607, 93, 'Front Page', 'https://www.learneron.net/', 'Sites', 'homePage', NULL, NULL, NULL, NULL, NULL, NULL, NULL, '2018-04-18 10:06:56'),
(608, 23, 'Front Page', 'https://www.learneron.net/', 'Sites', 'homePage', NULL, NULL, NULL, NULL, NULL, NULL, NULL, '2018-04-18 11:33:54'),
(609, 315, 'Front Page', 'https://www.learneron.net/', 'Sites', 'homePage', NULL, NULL, NULL, NULL, NULL, NULL, NULL, '2018-04-18 14:12:39'),
(610, 316, 'Front Page', 'https://www.learneron.net/', 'Sites', 'homePage', NULL, NULL, NULL, NULL, NULL, NULL, NULL, '2018-04-18 14:45:26'),
(611, 317, 'Front Page', 'https://www.learneron.net/', 'Sites', 'homePage', NULL, NULL, NULL, NULL, NULL, NULL, NULL, '2018-04-18 16:59:14'),
(612, 88, 'Front Page', 'https://www.learneron.net/', 'Sites', 'homePage', NULL, NULL, NULL, NULL, NULL, NULL, NULL, '2018-04-18 19:01:44'),
(613, 318, 'Front Page', 'https://www.learneron.net/', 'Sites', 'homePage', NULL, NULL, NULL, NULL, NULL, NULL, NULL, '2018-04-18 19:03:10'),
(614, 29, 'Front Page', 'https://www.learneron.net/', 'Sites', 'homePage', NULL, NULL, NULL, NULL, NULL, NULL, NULL, '2018-04-18 21:06:13'),
(615, 29, 'Latest Question Listing', 'https://www.learneron.net/questions', 'Questions', 'allQuestions', NULL, NULL, NULL, NULL, NULL, NULL, NULL, '2018-04-18 21:10:55'),
(616, 29, 'Tag Listing', 'https://www.learneron.net/tags', 'Tags', 'index', NULL, NULL, NULL, NULL, NULL, NULL, NULL, '2018-04-18 21:11:07'),
(617, 29, 'Users Listing', 'https://www.learneron.net/users', 'Users', 'allUsers', NULL, NULL, NULL, NULL, NULL, NULL, NULL, '2018-04-18 21:12:57'),
(618, 29, 'News Listing', 'https://www.learneron.net/news', 'News', 'newsListing', NULL, NULL, NULL, NULL, NULL, NULL, NULL, '2018-04-18 21:13:03'),
(619, 29, 'About Us', 'https://www.learneron.net/about-us', 'Sites', 'aboutUs', NULL, NULL, NULL, NULL, NULL, NULL, NULL, '2018-04-18 21:19:27'),
(620, 319, 'Front Page', 'https://www.learneron.net/', 'Sites', 'homePage', NULL, NULL, NULL, NULL, NULL, NULL, NULL, '2018-04-18 21:28:33'),
(621, 10, 'Front Page', 'https://www.learneron.net/', 'Sites', 'homePage', NULL, NULL, NULL, NULL, NULL, NULL, NULL, '2018-04-18 22:53:49'),
(622, 160, 'Front Page', 'https://www.learneron.net/', 'Sites', 'homePage', NULL, NULL, NULL, NULL, NULL, NULL, NULL, '2018-04-18 23:51:17'),
(623, 113, 'Front Page', 'https://www.learneron.net/', 'Sites', 'homePage', NULL, NULL, NULL, NULL, NULL, NULL, NULL, '2018-04-18 23:51:23'),
(624, 320, 'News Category', 'https://www.learneron.net/news/category/learneron-net-site-news', 'News', 'category', NULL, 26, NULL, NULL, NULL, NULL, NULL, '2018-04-19 00:04:03'),
(625, 2, 'Front Page', 'https://www.learneron.net/', 'Sites', 'homePage', NULL, NULL, NULL, NULL, NULL, NULL, NULL, '2018-04-19 00:04:42'),
(626, 201, 'Front Page', 'https://www.learneron.net/', 'Sites', 'homePage', NULL, NULL, NULL, NULL, NULL, NULL, NULL, '2018-04-19 04:05:39'),
(627, 185, 'Front Page', 'https://www.learneron.net/', 'Sites', 'homePage', NULL, NULL, NULL, NULL, NULL, NULL, NULL, '2018-04-19 04:06:17'),
(628, 321, 'Tag Listing', 'https://www.learneron.net/tags', 'Tags', 'index', NULL, NULL, NULL, NULL, NULL, NULL, NULL, '2018-04-19 04:20:44'),
(629, 14, 'Front Page', 'https://www.learneron.net/', 'Sites', 'homePage', NULL, NULL, NULL, NULL, NULL, NULL, NULL, '2018-04-19 04:52:34'),
(630, 10, 'Front Page', 'https://www.learneron.net/', 'Sites', 'homePage', NULL, NULL, NULL, NULL, NULL, NULL, NULL, '2018-04-19 10:21:11'),
(631, 322, 'Front Page', 'https://www.learneron.net/', 'Sites', 'homePage', NULL, NULL, NULL, NULL, NULL, NULL, NULL, '2018-04-19 11:28:44'),
(632, 323, 'Front Page', 'https://www.learneron.net/', 'Sites', 'homePage', NULL, NULL, NULL, NULL, NULL, NULL, NULL, '2018-04-19 11:56:04'),
(633, 324, 'Front Page', 'https://www.learneron.net/', 'Sites', 'homePage', NULL, NULL, NULL, NULL, NULL, NULL, NULL, '2018-04-19 19:28:44'),
(634, 3, 'Front Page', 'https://www.learneron.net/', 'Sites', 'homePage', NULL, NULL, NULL, NULL, NULL, NULL, NULL, '2018-04-19 21:52:04'),
(635, 323, 'Front Page', 'https://www.learneron.net/', 'Sites', 'homePage', NULL, NULL, NULL, NULL, NULL, NULL, NULL, '2018-04-20 00:35:43'),
(636, 7, 'Front Page', 'https://www.learneron.net/', 'Sites', 'homePage', NULL, NULL, NULL, NULL, NULL, NULL, NULL, '2018-04-20 01:22:40'),
(637, 14, 'Front Page', 'https://www.learneron.net/', 'Sites', 'homePage', NULL, NULL, NULL, NULL, NULL, NULL, NULL, '2018-04-20 02:36:26'),
(638, 10, 'Front Page', 'https://www.learneron.net/', 'Sites', 'homePage', NULL, NULL, NULL, NULL, NULL, NULL, NULL, '2018-04-20 03:37:12'),
(639, 275, 'Front Page', 'https://www.learneron.net/', 'Sites', 'homePage', NULL, NULL, NULL, NULL, NULL, NULL, NULL, '2018-04-20 03:50:06'),
(640, 2, 'Front Page', 'https://www.learneron.net/', 'Sites', 'homePage', NULL, NULL, NULL, NULL, NULL, NULL, NULL, '2018-04-20 05:32:51'),
(641, 325, 'Front Page', 'https://www.learneron.net/', 'Sites', 'homePage', NULL, NULL, NULL, NULL, NULL, NULL, NULL, '2018-04-20 09:03:28'),
(642, 26, 'Front Page', 'https://www.learneron.net/', 'Sites', 'homePage', NULL, NULL, NULL, NULL, NULL, NULL, NULL, '2018-04-20 09:08:17'),
(643, 35, 'Front Page', 'https://www.learneron.net/', 'Sites', 'homePage', NULL, NULL, NULL, NULL, NULL, NULL, NULL, '2018-04-20 09:08:21'),
(644, 326, 'Front Page', 'https://www.learneron.net/', 'Sites', 'homePage', NULL, NULL, NULL, NULL, NULL, NULL, NULL, '2018-04-20 10:03:02'),
(645, 25, 'Front Page', 'https://www.learneron.net/', 'Sites', 'homePage', NULL, NULL, NULL, NULL, NULL, NULL, NULL, '2018-04-20 11:13:12'),
(646, 327, 'News Category', 'https://www.learneron.net/news/category/learneron-net-site-news', 'News', 'category', NULL, 26, NULL, NULL, NULL, NULL, NULL, '2018-04-20 12:25:20'),
(647, 328, 'Front Page', 'https://www.learneron.net/', 'Sites', 'homePage', NULL, NULL, NULL, NULL, NULL, NULL, NULL, '2018-04-20 12:26:47'),
(648, 270, 'Front Page', 'https://www.learneron.net/', 'Sites', 'homePage', NULL, NULL, NULL, NULL, NULL, NULL, NULL, '2018-04-20 13:38:27'),
(649, 105, 'Front Page', 'https://www.learneron.net/', 'Sites', 'homePage', NULL, NULL, NULL, NULL, NULL, NULL, NULL, '2018-04-20 14:41:58'),
(650, 329, 'Front Page', 'https://www.learneron.net/', 'Sites', 'homePage', NULL, NULL, NULL, NULL, NULL, NULL, NULL, '2018-04-20 14:46:36'),
(651, 324, 'Front Page', 'https://www.learneron.net/', 'Sites', 'homePage', NULL, NULL, NULL, NULL, NULL, NULL, NULL, '2018-04-20 18:20:09'),
(652, 330, 'Front Page', 'https://www.learneron.net/', 'Sites', 'homePage', NULL, NULL, NULL, NULL, NULL, NULL, NULL, '2018-04-20 18:36:53'),
(653, 28, 'Tag Related Questions', 'https://www.learneron.net/tag/bid', 'Questions', 'questionTag', NULL, NULL, NULL, NULL, NULL, NULL, 7, '2018-04-20 18:47:34'),
(654, 331, 'Front Page', 'https://www.learneron.net/', 'Sites', 'homePage', NULL, NULL, NULL, NULL, NULL, NULL, NULL, '2018-04-20 19:33:52'),
(655, 36, 'Front Page', 'https://www.learneron.net/', 'Sites', 'homePage', NULL, NULL, NULL, NULL, NULL, NULL, NULL, '2018-04-21 00:15:27'),
(656, 2, 'Front Page', 'https://www.learneron.net/', 'Sites', 'homePage', NULL, NULL, NULL, NULL, NULL, NULL, NULL, '2018-04-21 00:30:51'),
(657, 185, 'Faqs', 'https://www.learneron.net/faqs', 'Sites', 'faqs', NULL, NULL, NULL, NULL, NULL, NULL, NULL, '2018-04-21 00:38:35'),
(658, 332, 'Front Page', 'https://www.learneron.net/', 'Sites', 'homePage', NULL, NULL, NULL, NULL, NULL, NULL, NULL, '2018-04-21 00:56:51'),
(659, 217, 'Front Page', 'https://www.learneron.net/', 'Sites', 'homePage', NULL, NULL, NULL, NULL, NULL, NULL, NULL, '2018-04-21 03:11:43'),
(660, 14, 'Front Page', 'https://www.learneron.net/', 'Sites', 'homePage', NULL, NULL, NULL, NULL, NULL, NULL, NULL, '2018-04-21 03:46:01'),
(661, 162, 'Front Page', 'https://www.learneron.net/', 'Sites', 'homePage', NULL, NULL, NULL, NULL, NULL, NULL, NULL, '2018-04-21 04:33:53'),
(662, 333, 'Front Page', 'https://www.learneron.net/', 'Sites', 'homePage', NULL, NULL, NULL, NULL, NULL, NULL, NULL, '2018-04-21 04:33:53'),
(663, 334, 'Front Page', 'https://www.learneron.net/', 'Sites', 'homePage', NULL, NULL, NULL, NULL, NULL, NULL, NULL, '2018-04-21 05:58:32'),
(664, 330, 'Front Page', 'https://www.learneron.net/', 'Sites', 'homePage', NULL, NULL, NULL, NULL, NULL, NULL, NULL, '2018-04-21 06:49:01'),
(665, 29, 'Front Page', 'https://www.learneron.net/', 'Sites', 'homePage', NULL, NULL, NULL, NULL, NULL, NULL, NULL, '2018-04-21 07:15:34'),
(666, 335, 'Front Page', 'https://www.learneron.net/', 'Sites', 'homePage', NULL, NULL, NULL, NULL, NULL, NULL, NULL, '2018-04-21 07:40:39'),
(667, 335, 'Question Category', 'https://www.learneron.net/category/category-2', 'Questions', 'questionCategory', NULL, NULL, NULL, NULL, NULL, NULL, NULL, '2018-04-21 07:47:37'),
(668, 335, 'Question Category', 'https://www.learneron.net/category/category1', 'Questions', 'questionCategory', NULL, NULL, NULL, NULL, NULL, NULL, NULL, '2018-04-21 07:47:42'),
(669, 335, 'News Details', 'https://www.learneron.net/news/details/kids-movie-kunfu', 'News', 'details', 4, NULL, NULL, NULL, NULL, NULL, NULL, '2018-04-21 07:47:46'),
(670, 335, 'News Details', 'https://www.learneron.net/news/details/kids-movie-kunfu-1', 'News', 'details', 5, NULL, NULL, NULL, NULL, NULL, NULL, '2018-04-21 07:47:50'),
(671, 335, 'News Details', 'https://www.learneron.net/news/details/rio-movie', 'News', 'details', 3, NULL, NULL, NULL, NULL, NULL, NULL, '2018-04-21 07:47:54'),
(672, 335, 'News Details', 'https://www.learneron.net/news/details/test', 'News', 'details', 2, NULL, NULL, NULL, NULL, NULL, NULL, '2018-04-21 07:47:59'),
(673, 335, 'News Details', 'https://www.learneron.net/news/details/todays-news', 'News', 'details', 6, NULL, NULL, NULL, NULL, NULL, NULL, '2018-04-21 07:48:04'),
(674, 23, 'Front Page', 'https://www.learneron.net/', 'Sites', 'homePage', NULL, NULL, NULL, NULL, NULL, NULL, NULL, '2018-04-21 09:04:16'),
(675, 336, 'Front Page', 'https://www.learneron.net/', 'Sites', 'homePage', NULL, NULL, NULL, NULL, NULL, NULL, NULL, '2018-04-21 10:34:58'),
(676, 336, 'About Us', 'https://www.learneron.net/about-us', 'Sites', 'aboutUs', NULL, NULL, NULL, NULL, NULL, NULL, NULL, '2018-04-21 10:35:26'),
(677, 336, 'Question Category', 'https://www.learneron.net/category/hard-skills-learning-to-know-eg-math-coding-data-science', 'Questions', 'questionCategory', NULL, NULL, NULL, NULL, 28, NULL, NULL, '2018-04-21 10:35:35'),
(678, 336, 'Question Category', 'https://www.learneron.net/category/languages', 'Questions', 'questionCategory', NULL, NULL, NULL, NULL, 31, NULL, NULL, '2018-04-21 10:35:40'),
(679, 336, 'Question Category', 'https://www.learneron.net/category/personal-development-or-coaching', 'Questions', 'questionCategory', NULL, NULL, NULL, NULL, 30, NULL, NULL, '2018-04-21 10:35:47'),
(680, 336, 'Question Category', 'https://www.learneron.net/category/soft-skills-eg-presentation-skills-business-writing-negotations', 'Questions', 'questionCategory', NULL, NULL, NULL, NULL, 29, NULL, NULL, '2018-04-21 10:35:55'),
(681, 336, 'Question Category', 'https://www.learneron.net/category/vocational-skills-learning-to-do-eg-manufacturing-healthcare-social-assistance', 'Questions', 'questionCategory', NULL, NULL, NULL, NULL, 27, NULL, NULL, '2018-04-21 10:36:02'),
(682, 336, 'Contact Us', 'https://www.learneron.net/contact-us', 'Sites', 'contactUs', NULL, NULL, NULL, NULL, NULL, NULL, NULL, '2018-04-21 10:36:12'),
(683, 336, 'Faqs', 'https://www.learneron.net/faqs', 'Sites', 'faqs', NULL, NULL, NULL, NULL, NULL, NULL, NULL, '2018-04-21 10:36:22'),
(684, 336, 'Most Viewed Question Listing For Home Page', 'https://www.learneron.net/most-viewed', 'Sites', 'mostViewed', NULL, NULL, NULL, NULL, NULL, NULL, NULL, '2018-04-21 10:36:32'),
(685, 336, 'News Listing', 'https://www.learneron.net/news', 'News', 'newsListing', NULL, NULL, NULL, NULL, NULL, NULL, NULL, '2018-04-21 10:36:46'),
(686, 336, 'Privacy', 'https://www.learneron.net/privacy', 'Sites', 'privacy', NULL, NULL, NULL, NULL, NULL, NULL, NULL, '2018-04-21 10:36:54'),
(687, 336, 'Question Details', 'https://www.learneron.net/questions/details/MTA=', 'Questions', 'details', NULL, NULL, NULL, 10, NULL, NULL, NULL, '2018-04-21 10:37:03');
INSERT INTO `learn_visitor_logs` (`id`, `visitor_id`, `page_name`, `page_url`, `controller`, `method`, `news_id`, `news_category_id`, `user_id`, `question_id`, `question_category_id`, `answer_id`, `tag_id`, `visited_time`) VALUES
(688, 336, 'Question Details', 'https://www.learneron.net/questions/details/OQ==', 'Questions', 'details', NULL, NULL, NULL, 9, NULL, NULL, NULL, '2018-04-21 10:37:11'),
(689, 336, 'Tag Related Questions', 'https://www.learneron.net/tag/data-science', 'Questions', 'questionTag', NULL, NULL, NULL, NULL, NULL, NULL, 26, '2018-04-21 10:37:25'),
(690, 336, 'Tag Related Questions', 'https://www.learneron.net/tag/php', 'Questions', 'questionTag', NULL, NULL, NULL, NULL, NULL, NULL, 45, '2018-04-21 10:37:35'),
(691, 336, 'Tag Related Questions', 'https://www.learneron.net/tag/python', 'Questions', 'questionTag', NULL, NULL, NULL, NULL, NULL, NULL, 30, '2018-04-21 10:37:42'),
(692, 336, 'Tag Related Questions', 'https://www.learneron.net/tag/spanish', 'Questions', 'questionTag', NULL, NULL, NULL, NULL, NULL, NULL, 25, '2018-04-21 10:37:53'),
(693, 336, 'Tag Listing', 'https://www.learneron.net/tags', 'Tags', 'index', NULL, NULL, NULL, NULL, NULL, NULL, NULL, '2018-04-21 10:37:57'),
(694, 336, 'Terms and Conditions', 'https://www.learneron.net/terms-of-use', 'Sites', 'termsAndConditions', NULL, NULL, NULL, NULL, NULL, NULL, NULL, '2018-04-21 10:38:05'),
(695, 336, 'Unanswered Question Listing For Home Page', 'https://www.learneron.net/un-answered', 'Sites', 'unAnswered', NULL, NULL, NULL, NULL, NULL, NULL, NULL, '2018-04-21 10:38:09'),
(696, 243, 'Front Page', 'https://www.learneron.net/', 'Sites', 'homePage', NULL, NULL, NULL, NULL, NULL, NULL, NULL, '2018-04-21 11:49:23'),
(697, 185, 'Front Page', 'https://www.learneron.net/', 'Sites', 'homePage', NULL, NULL, NULL, NULL, NULL, NULL, NULL, '2018-04-21 11:50:35'),
(698, 10, 'Front Page', 'https://www.learneron.net/', 'Sites', 'homePage', NULL, NULL, NULL, NULL, NULL, NULL, NULL, '2018-04-21 15:06:21'),
(699, 337, 'Tag Related Questions', 'https://www.learneron.net/tag/arabic', 'Questions', 'questionTag', NULL, NULL, NULL, NULL, NULL, NULL, 49, '2018-04-21 17:39:28'),
(700, 337, 'Tag Related Questions', 'https://www.learneron.net/tag/chinese', 'Questions', 'questionTag', NULL, NULL, NULL, NULL, NULL, NULL, 53, '2018-04-21 17:39:32'),
(701, 337, 'Tag Related Questions', 'https://www.learneron.net/tag/czech', 'Questions', 'questionTag', NULL, NULL, NULL, NULL, NULL, NULL, 51, '2018-04-21 17:39:39'),
(702, 337, 'Tag Listing', 'https://www.learneron.net/tags', 'Tags', 'index', NULL, NULL, NULL, NULL, NULL, NULL, NULL, '2018-04-21 17:40:46'),
(703, 7, 'Tag Listing', 'https://www.learneron.net/tags', 'Tags', 'index', NULL, NULL, NULL, NULL, NULL, NULL, NULL, '2018-04-21 18:13:13'),
(704, 338, 'Front Page', 'https://www.learneron.net/', 'Sites', 'homePage', NULL, NULL, NULL, NULL, NULL, NULL, NULL, '2018-04-21 19:10:59'),
(705, 339, 'Front Page', 'https://www.learneron.net/', 'Sites', 'homePage', NULL, NULL, NULL, NULL, NULL, NULL, NULL, '2018-04-21 19:15:22'),
(706, 338, 'Signup', 'https://www.learneron.net/users/signup/', 'Users', 'signup', NULL, NULL, 80, NULL, NULL, NULL, NULL, '2018-04-21 19:28:15'),
(707, 338, 'User Account Verification', 'https://www.learneron.net/users/verify/ULM1524338895JJF/MTUyNDMzODg5NQ==', 'Users', 'verify', NULL, NULL, NULL, NULL, NULL, NULL, NULL, '2018-04-21 19:30:57'),
(708, 338, 'Login', 'https://www.learneron.net/users/login/', 'Users', 'login', NULL, NULL, 80, NULL, NULL, NULL, NULL, '2018-04-21 19:31:23'),
(709, 340, 'My Account', 'https://www.learneron.net/my-account', 'Users', 'myAccount', NULL, NULL, 80, NULL, NULL, NULL, NULL, '2018-04-21 19:31:24'),
(710, 340, 'Contact Us', 'https://www.learneron.net/contact-us', 'Sites', 'contactUs', NULL, NULL, 80, NULL, NULL, NULL, NULL, '2018-04-21 20:08:44'),
(711, 340, 'Logout', 'https://www.learneron.net/logout', 'Users', 'logout', NULL, NULL, 80, NULL, NULL, NULL, NULL, '2018-04-21 20:12:56'),
(712, 341, 'Front Page', 'https://www.learneron.net/', 'Sites', 'homePage', NULL, NULL, NULL, NULL, NULL, NULL, NULL, '2018-04-21 21:19:27'),
(713, 201, 'Front Page', 'https://www.learneron.net/', 'Sites', 'homePage', NULL, NULL, NULL, NULL, NULL, NULL, NULL, '2018-04-21 21:38:02'),
(714, 342, 'Front Page', 'https://www.learneron.net/', 'Sites', 'homePage', NULL, NULL, NULL, NULL, NULL, NULL, NULL, '2018-04-21 22:26:37'),
(715, 342, 'Front Page', 'https://www.learneron.net/', 'Sites', 'homePage', NULL, NULL, NULL, NULL, NULL, NULL, NULL, '2018-04-21 22:26:37'),
(716, 14, 'Front Page', 'https://www.learneron.net/', 'Sites', 'homePage', NULL, NULL, NULL, NULL, NULL, NULL, NULL, '2018-04-22 00:03:14'),
(717, 123, 'Front Page', 'https://www.learneron.net/', 'Sites', 'homePage', NULL, NULL, NULL, NULL, NULL, NULL, NULL, '2018-04-22 00:19:19'),
(718, 10, 'Front Page', 'https://www.learneron.net/', 'Sites', 'homePage', NULL, NULL, NULL, NULL, NULL, NULL, NULL, '2018-04-22 01:13:26'),
(719, 28, 'Front Page', 'https://www.learneron.net/', 'Sites', 'homePage', NULL, NULL, NULL, NULL, NULL, NULL, NULL, '2018-04-22 01:20:49'),
(720, 343, 'Front Page', 'https://www.learneron.net/', 'Sites', 'homePage', NULL, NULL, NULL, NULL, NULL, NULL, NULL, '2018-04-22 03:52:17'),
(721, 169, 'Front Page', 'https://www.learneron.net/', 'Sites', 'homePage', NULL, NULL, NULL, NULL, NULL, NULL, NULL, '2018-04-22 04:19:43'),
(722, 2, 'Front Page', 'https://www.learneron.net/', 'Sites', 'homePage', NULL, NULL, NULL, NULL, NULL, NULL, NULL, '2018-04-22 05:54:16'),
(723, 344, 'Front Page', 'https://www.learneron.net/', 'Sites', 'homePage', NULL, NULL, NULL, NULL, NULL, NULL, NULL, '2018-04-22 07:19:51'),
(724, 345, 'Front Page', 'https://www.learneron.net/', 'Sites', 'homePage', NULL, NULL, NULL, NULL, NULL, NULL, NULL, '2018-04-22 07:32:25'),
(725, 344, 'Question Category', 'https://www.learneron.net/category/none', 'Questions', 'questionCategory', NULL, NULL, NULL, NULL, NULL, NULL, NULL, '2018-04-22 07:39:56'),
(726, 344, 'Most Viewed Question Listing', 'https://www.learneron.net/most-viewed-questions', 'Questions', 'mostViewedQuestions', NULL, NULL, NULL, NULL, NULL, NULL, NULL, '2018-04-22 07:40:03'),
(727, 344, 'News Details', 'https://www.learneron.net/news/details/test-news-1', 'News', 'details', 1, NULL, NULL, NULL, NULL, NULL, NULL, '2018-04-22 07:40:17'),
(728, 344, 'News Listing', 'https://www.learneron.net/news/news-listing', 'News', 'newsListing', NULL, NULL, NULL, NULL, NULL, NULL, NULL, '2018-04-22 07:40:24'),
(729, 344, 'Question Details', 'https://www.learneron.net/questions/details/none', 'Questions', 'details', NULL, NULL, NULL, NULL, NULL, NULL, NULL, '2018-04-22 07:40:29'),
(730, 344, 'Tag Related Questions', 'https://www.learneron.net/tag/none', 'Questions', 'questionTag', NULL, NULL, NULL, NULL, NULL, NULL, NULL, '2018-04-22 07:40:35'),
(731, 344, 'Unanswered Question Listing', 'https://www.learneron.net/un-answered-questions', 'Questions', 'unAnsweredQuestions', NULL, NULL, NULL, NULL, NULL, NULL, NULL, '2018-04-22 07:40:41'),
(732, 344, 'Users Listing', 'https://www.learneron.net/users/all-users', 'Users', 'allUsers', NULL, NULL, NULL, NULL, NULL, NULL, NULL, '2018-04-22 07:40:46'),
(733, 344, 'Users Listing', 'https://www.learneron.net/users', 'Users', 'allUsers', NULL, NULL, NULL, NULL, NULL, NULL, NULL, '2018-04-22 07:40:50'),
(734, 281, 'Front Page', 'https://www.learneron.net/', 'Sites', 'homePage', NULL, NULL, NULL, NULL, NULL, NULL, NULL, '2018-04-22 10:01:08'),
(735, 7, 'Front Page', 'https://www.learneron.net/', 'Sites', 'homePage', NULL, NULL, NULL, NULL, NULL, NULL, NULL, '2018-04-22 11:00:50'),
(736, 346, 'Front Page', 'https://www.learneron.net/', 'Sites', 'homePage', NULL, NULL, NULL, NULL, NULL, NULL, NULL, '2018-04-22 11:46:02'),
(737, 347, 'Tag Listing', 'https://www.learneron.net/tags', 'Tags', 'index', NULL, NULL, NULL, NULL, NULL, NULL, NULL, '2018-04-22 12:13:15'),
(738, 348, 'News Category', 'https://www.learneron.net/news/category/business', 'News', 'category', NULL, 22, NULL, NULL, NULL, NULL, NULL, '2018-04-22 12:55:17'),
(739, 348, 'News Category', 'https://www.learneron.net/news/category/marketing', 'News', 'category', NULL, 24, NULL, NULL, NULL, NULL, NULL, '2018-04-22 12:55:21'),
(740, 348, 'News Category', 'https://www.learneron.net/news/category/technology', 'News', 'category', NULL, 23, NULL, NULL, NULL, NULL, NULL, '2018-04-22 12:55:24'),
(741, 348, 'Latest Question Listing', 'https://www.learneron.net/questions', 'Questions', 'allQuestions', NULL, NULL, NULL, NULL, NULL, NULL, NULL, '2018-04-22 12:55:28'),
(742, 348, 'Question Details', 'https://www.learneron.net/questions/details/privacy', 'Questions', 'details', NULL, NULL, NULL, NULL, NULL, NULL, NULL, '2018-04-22 12:55:33'),
(743, 348, 'Tag Related Questions', 'https://www.learneron.net/tag/analog', 'Questions', 'questionTag', NULL, NULL, NULL, NULL, NULL, NULL, 3, '2018-04-22 12:55:39'),
(744, 348, 'Tag Related Questions', 'https://www.learneron.net/tag/android', 'Questions', 'questionTag', NULL, NULL, NULL, NULL, NULL, NULL, 1, '2018-04-22 12:55:42'),
(745, 348, 'Tag Related Questions', 'https://www.learneron.net/tag/apps', 'Questions', 'questionTag', NULL, NULL, NULL, NULL, NULL, NULL, 2, '2018-04-22 12:55:45'),
(746, 348, 'Tag Related Questions', 'https://www.learneron.net/tag/batfied', 'Questions', 'questionTag', NULL, NULL, NULL, NULL, NULL, NULL, 8, '2018-04-22 12:55:48'),
(747, 348, 'Tag Related Questions', 'https://www.learneron.net/tag/bid', 'Questions', 'questionTag', NULL, NULL, NULL, NULL, NULL, NULL, 7, '2018-04-22 12:55:52'),
(748, 348, 'Tag Related Questions', 'https://www.learneron.net/tag/budget', 'Questions', 'questionTag', NULL, NULL, NULL, NULL, NULL, NULL, 14, '2018-04-22 12:55:54'),
(749, 348, 'Tag Related Questions', 'https://www.learneron.net/tag/business', 'Questions', 'questionTag', NULL, NULL, NULL, NULL, NULL, NULL, 15, '2018-04-22 12:55:58'),
(750, 348, 'Tag Related Questions', 'https://www.learneron.net/tag/c', 'Questions', 'questionTag', NULL, NULL, NULL, NULL, NULL, NULL, 34, '2018-04-22 12:56:01'),
(751, 348, 'Tag Related Questions', 'https://www.learneron.net/tag/c-1', 'Questions', 'questionTag', NULL, NULL, NULL, NULL, NULL, NULL, 35, '2018-04-22 12:56:06'),
(752, 348, 'Tag Related Questions', 'https://www.learneron.net/tag/c-2', 'Questions', 'questionTag', NULL, NULL, NULL, NULL, NULL, NULL, 36, '2018-04-22 12:56:09'),
(753, 348, 'Tag Related Questions', 'https://www.learneron.net/tag/car', 'Questions', 'questionTag', NULL, NULL, NULL, NULL, NULL, NULL, 9, '2018-04-22 12:56:14'),
(754, 348, 'Tag Related Questions', 'https://www.learneron.net/tag/coding', 'Questions', 'questionTag', NULL, NULL, NULL, NULL, NULL, NULL, 28, '2018-04-22 12:56:17'),
(755, 348, 'Tag Related Questions', 'https://www.learneron.net/tag/commercial', 'Questions', 'questionTag', NULL, NULL, NULL, NULL, NULL, NULL, 10, '2018-04-22 12:56:20'),
(756, 348, 'Tag Related Questions', 'https://www.learneron.net/tag/computer-programming', 'Questions', 'questionTag', NULL, NULL, NULL, NULL, NULL, NULL, 29, '2018-04-22 12:56:23'),
(757, 348, 'Tag Listing', 'https://www.learneron.net/tags', 'Tags', 'index', NULL, NULL, NULL, NULL, NULL, NULL, NULL, '2018-04-22 12:56:26'),
(758, 28, 'Tag Listing', 'https://www.learneron.net/tags', 'Tags', 'index', NULL, NULL, NULL, NULL, NULL, NULL, NULL, '2018-04-22 15:34:51'),
(759, 349, 'Question Details', 'https://www.learneron.net/questions/details/%3Cpre%20class=', 'Questions', 'details', NULL, NULL, NULL, NULL, NULL, NULL, NULL, '2018-04-22 15:44:02'),
(760, 349, 'Users Listing', 'https://www.learneron.net/users', 'Users', 'allUsers', NULL, NULL, NULL, NULL, NULL, NULL, NULL, '2018-04-22 15:44:07'),
(761, 304, 'Front Page', 'https://www.learneron.net/', 'Sites', 'homePage', NULL, NULL, NULL, NULL, NULL, NULL, NULL, '2018-04-22 17:17:26'),
(762, 350, 'Front Page', 'https://www.learneron.net/', 'Sites', 'homePage', NULL, NULL, NULL, NULL, NULL, NULL, NULL, '2018-04-22 20:18:53'),
(763, 91, 'Front Page', 'https://www.learneron.net/', 'Sites', 'homePage', NULL, NULL, NULL, NULL, NULL, NULL, NULL, '2018-04-22 21:18:00'),
(764, 351, 'Front Page', 'https://www.learneron.net/', 'Sites', 'homePage', NULL, NULL, NULL, NULL, NULL, NULL, NULL, '2018-04-22 23:37:10'),
(765, 283, 'Front Page', 'https://www.learneron.net/', 'Sites', 'homePage', NULL, NULL, NULL, NULL, NULL, NULL, NULL, '2018-04-22 23:46:13'),
(766, 2, 'Front Page', 'https://www.learneron.net/', 'Sites', 'homePage', NULL, NULL, NULL, NULL, NULL, NULL, NULL, '2018-04-23 00:37:06'),
(767, 14, 'Front Page', 'https://www.learneron.net/', 'Sites', 'homePage', NULL, NULL, NULL, NULL, NULL, NULL, NULL, '2018-04-23 02:08:55'),
(768, 170, 'Front Page', 'https://www.learneron.net/', 'Sites', 'homePage', NULL, NULL, NULL, NULL, NULL, NULL, NULL, '2018-04-23 02:08:56'),
(769, 10, 'Front Page', 'https://www.learneron.net/', 'Sites', 'homePage', NULL, NULL, NULL, NULL, NULL, NULL, NULL, '2018-04-23 02:46:36'),
(770, 337, 'Front Page', 'https://www.learneron.net/', 'Sites', 'homePage', NULL, NULL, NULL, NULL, NULL, NULL, NULL, '2018-04-23 05:40:07'),
(771, 308, 'Front Page', 'https://www.learneron.net/', 'Sites', 'homePage', NULL, NULL, NULL, NULL, NULL, NULL, NULL, '2018-04-23 07:06:49'),
(772, 28, 'Users Listing', 'https://www.learneron.net/users', 'Users', 'allUsers', NULL, NULL, NULL, NULL, NULL, NULL, NULL, '2018-04-23 08:14:07'),
(773, 352, 'Users Listing', 'https://www.learneron.net/users/all-users', 'Users', 'allUsers', NULL, NULL, NULL, NULL, NULL, NULL, NULL, '2018-04-23 08:29:49'),
(774, 347, 'Tag Listing', 'https://www.learneron.net/tags', 'Tags', 'index', NULL, NULL, NULL, NULL, NULL, NULL, NULL, '2018-04-23 09:34:53'),
(775, 353, 'Front Page', 'https://www.learneron.net/', 'Sites', 'homePage', NULL, NULL, NULL, NULL, NULL, NULL, NULL, '2018-04-23 12:08:35'),
(776, 105, 'Front Page', 'https://www.learneron.net/', 'Sites', 'homePage', NULL, NULL, NULL, NULL, NULL, NULL, NULL, '2018-04-23 12:14:00'),
(777, 114, 'Front Page', 'https://www.learneron.net/', 'Sites', 'homePage', NULL, NULL, NULL, NULL, NULL, NULL, NULL, '2018-04-23 12:45:38'),
(778, 7, 'Question Category', 'https://www.learneron.net/category/soft-skills-eg-presentation-skills-business-writing-negotations', 'Questions', 'questionCategory', NULL, NULL, NULL, NULL, 29, NULL, NULL, '2018-04-23 13:20:42'),
(779, 354, 'Latest Question Listing', 'https://www.learneron.net/questions', 'Questions', 'allQuestions', NULL, NULL, NULL, NULL, NULL, NULL, NULL, '2018-04-23 17:27:17'),
(780, 355, 'Front Page', 'https://www.learneron.net/', 'Sites', 'homePage', NULL, NULL, NULL, NULL, NULL, NULL, NULL, '2018-04-23 18:01:50'),
(781, 356, 'Front Page', 'https://www.learneron.net/', 'Sites', 'homePage', NULL, NULL, NULL, NULL, NULL, NULL, NULL, '2018-04-23 18:34:26'),
(782, 357, 'Terms and Conditions', 'https://www.learneron.net/terms-of-use', 'Sites', 'termsAndConditions', NULL, NULL, NULL, NULL, NULL, NULL, NULL, '2018-04-23 19:04:27'),
(783, 28, 'Front Page', 'https://www.learneron.net/', 'Sites', 'homePage', NULL, NULL, NULL, NULL, NULL, NULL, NULL, '2018-04-23 21:58:03'),
(784, 358, 'Front Page', 'https://www.learneron.net/', 'Sites', 'homePage', NULL, NULL, NULL, NULL, NULL, NULL, NULL, '2018-04-23 22:37:28'),
(785, 359, 'Front Page', 'https://www.learneron.net/', 'Sites', 'homePage', NULL, NULL, NULL, NULL, NULL, NULL, NULL, '2018-04-24 00:25:05'),
(786, 356, 'Front Page', 'https://www.learneron.net/', 'Sites', 'homePage', NULL, NULL, NULL, NULL, NULL, NULL, NULL, '2018-04-24 00:56:40'),
(787, 360, 'Front Page', 'https://www.learneron.net/', 'Sites', 'homePage', NULL, NULL, NULL, NULL, NULL, NULL, NULL, '2018-04-24 01:03:33'),
(788, 361, 'Front Page', 'https://www.learneron.net/', 'Sites', 'homePage', NULL, NULL, NULL, NULL, NULL, NULL, NULL, '2018-04-24 02:13:27'),
(789, 10, 'Front Page', 'https://www.learneron.net/', 'Sites', 'homePage', NULL, NULL, NULL, NULL, NULL, NULL, NULL, '2018-04-24 02:31:15'),
(790, 362, 'Front Page', 'https://www.learneron.net/', 'Sites', 'homePage', NULL, NULL, NULL, NULL, NULL, NULL, NULL, '2018-04-24 02:38:20'),
(791, 23, 'Front Page', 'https://www.learneron.net/', 'Sites', 'homePage', NULL, NULL, NULL, NULL, NULL, NULL, NULL, '2018-04-24 03:57:23'),
(792, 363, 'Front Page', 'https://www.learneron.net/', 'Sites', 'homePage', NULL, NULL, NULL, NULL, NULL, NULL, NULL, '2018-04-24 04:42:07'),
(793, 29, 'Front Page', 'https://www.learneron.net/', 'Sites', 'homePage', NULL, NULL, NULL, NULL, NULL, NULL, NULL, '2018-04-24 05:07:13'),
(794, 2, 'Front Page', 'https://www.learneron.net/', 'Sites', 'homePage', NULL, NULL, NULL, NULL, NULL, NULL, NULL, '2018-04-24 06:07:21'),
(795, 364, 'Front Page', 'https://www.learneron.net/', 'Sites', 'homePage', NULL, NULL, NULL, NULL, NULL, NULL, NULL, '2018-04-24 07:12:02'),
(796, 3, 'Front Page', 'https://www.learneron.net/', 'Sites', 'homePage', NULL, NULL, NULL, NULL, NULL, NULL, NULL, '2018-04-24 08:16:32'),
(797, 219, 'Front Page', 'https://www.learneron.net/', 'Sites', 'homePage', NULL, NULL, NULL, NULL, NULL, NULL, NULL, '2018-04-24 09:05:54'),
(798, 219, 'About Us', 'https://www.learneron.net/about-us', 'Sites', 'aboutUs', NULL, NULL, NULL, NULL, NULL, NULL, NULL, '2018-04-24 09:06:15'),
(799, 14, 'Front Page', 'https://www.learneron.net/', 'Sites', 'homePage', NULL, NULL, NULL, NULL, NULL, NULL, NULL, '2018-04-24 11:06:43'),
(800, 267, 'Front Page', 'https://www.learneron.net/', 'Sites', 'homePage', NULL, NULL, NULL, NULL, NULL, NULL, NULL, '2018-04-24 20:14:35'),
(801, 160, 'Front Page', 'https://www.learneron.net/', 'Sites', 'homePage', NULL, NULL, NULL, NULL, NULL, NULL, NULL, '2018-04-24 20:14:35'),
(802, 365, 'Front Page', 'https://www.learneron.net/', 'Sites', 'homePage', NULL, NULL, NULL, NULL, NULL, NULL, NULL, '2018-04-24 22:22:09'),
(803, 365, 'Contact Us', 'https://www.learneron.net/contact-us', 'Sites', 'contactUs', NULL, NULL, NULL, NULL, NULL, NULL, NULL, '2018-04-24 22:22:24'),
(804, 365, 'About Us', 'https://www.learneron.net/about-us', 'Sites', 'aboutUs', NULL, NULL, NULL, NULL, NULL, NULL, NULL, '2018-04-24 22:22:26'),
(805, 365, 'Privacy', 'https://www.learneron.net/privacy', 'Sites', 'privacy', NULL, NULL, NULL, NULL, NULL, NULL, NULL, '2018-04-24 22:22:35'),
(806, 365, 'Terms and Conditions', 'https://www.learneron.net/terms-of-use', 'Sites', 'termsAndConditions', NULL, NULL, NULL, NULL, NULL, NULL, NULL, '2018-04-24 22:22:37'),
(807, 365, 'Latest Question Listing', 'https://www.learneron.net/questions', 'Questions', 'allQuestions', NULL, NULL, NULL, NULL, NULL, NULL, NULL, '2018-04-24 22:22:49'),
(808, 365, 'Tag Listing', 'https://www.learneron.net/tags', 'Tags', 'index', NULL, NULL, NULL, NULL, NULL, NULL, NULL, '2018-04-24 22:22:51'),
(809, 365, 'Users Listing', 'https://www.learneron.net/users', 'Users', 'allUsers', NULL, NULL, NULL, NULL, NULL, NULL, NULL, '2018-04-24 22:22:53'),
(810, 365, 'News Listing', 'https://www.learneron.net/news', 'News', 'newsListing', NULL, NULL, NULL, NULL, NULL, NULL, NULL, '2018-04-24 22:22:58'),
(811, 365, 'Most Viewed Question Listing For Home Page', 'https://www.learneron.net/most-viewed', 'Sites', 'mostViewed', NULL, NULL, NULL, NULL, NULL, NULL, NULL, '2018-04-24 22:23:11'),
(812, 365, 'Unanswered Question Listing For Home Page', 'https://www.learneron.net/un-answered', 'Sites', 'unAnswered', NULL, NULL, NULL, NULL, NULL, NULL, NULL, '2018-04-24 22:23:13'),
(813, 365, 'Question Details', 'https://www.learneron.net/questions/details/mta%3D', 'Questions', 'details', NULL, NULL, NULL, NULL, NULL, NULL, NULL, '2018-04-24 22:23:15'),
(814, 365, 'Tag Related Questions', 'https://www.learneron.net/tag/spanish', 'Questions', 'questionTag', NULL, NULL, NULL, NULL, NULL, NULL, 25, '2018-04-24 22:23:18'),
(815, 365, 'Question Category', 'https://www.learneron.net/category/languages', 'Questions', 'questionCategory', NULL, NULL, NULL, NULL, 31, NULL, NULL, '2018-04-24 22:23:22'),
(816, 365, 'Question Details', 'https://www.learneron.net/questions/details/oq%3D%3D', 'Questions', 'details', NULL, NULL, NULL, NULL, NULL, NULL, NULL, '2018-04-24 22:23:23'),
(817, 365, 'Tag Related Questions', 'https://www.learneron.net/tag/data-science', 'Questions', 'questionTag', NULL, NULL, NULL, NULL, NULL, NULL, 26, '2018-04-24 22:23:25'),
(818, 365, 'Tag Related Questions', 'https://www.learneron.net/tag/python', 'Questions', 'questionTag', NULL, NULL, NULL, NULL, NULL, NULL, 30, '2018-04-24 22:23:27'),
(819, 365, 'Tag Related Questions', 'https://www.learneron.net/tag/php', 'Questions', 'questionTag', NULL, NULL, NULL, NULL, NULL, NULL, 45, '2018-04-24 22:23:30'),
(820, 365, 'Question Category', 'https://www.learneron.net/category/hard-skills-learning-to-know-eg-math-coding-data-science', 'Questions', 'questionCategory', NULL, NULL, NULL, NULL, 28, NULL, NULL, '2018-04-24 22:23:32'),
(821, 365, 'Question Details', 'https://www.learneron.net/questions/details/oa%3D%3D', 'Questions', 'details', NULL, NULL, NULL, NULL, NULL, NULL, NULL, '2018-04-24 22:23:34'),
(822, 365, 'Tag Related Questions', 'https://www.learneron.net/tag/presentation', 'Questions', 'questionTag', NULL, NULL, NULL, NULL, NULL, NULL, 46, '2018-04-24 22:23:36'),
(823, 365, 'Tag Related Questions', 'https://www.learneron.net/tag/self-presentation', 'Questions', 'questionTag', NULL, NULL, NULL, NULL, NULL, NULL, 47, '2018-04-24 22:23:37'),
(824, 365, 'Tag Related Questions', 'https://www.learneron.net/tag/sales-skills', 'Questions', 'questionTag', NULL, NULL, NULL, NULL, NULL, NULL, 48, '2018-04-24 22:23:39'),
(825, 365, 'Question Category', 'https://www.learneron.net/category/personal-development-or-coaching', 'Questions', 'questionCategory', NULL, NULL, NULL, NULL, 30, NULL, NULL, '2018-04-24 22:23:40'),
(826, 365, 'Question Details', 'https://www.learneron.net/questions/details/nw%3D%3D', 'Questions', 'details', NULL, NULL, NULL, NULL, NULL, NULL, NULL, '2018-04-24 22:23:42'),
(827, 365, 'Tag Related Questions', 'https://www.learneron.net/tag/english', 'Questions', 'questionTag', NULL, NULL, NULL, NULL, NULL, NULL, 50, '2018-04-24 22:23:44'),
(828, 365, 'Question Category', 'https://www.learneron.net/category/soft-skills-eg-presentation-skills-business-writing-negotations', 'Questions', 'questionCategory', NULL, NULL, NULL, NULL, 29, NULL, NULL, '2018-04-24 22:23:46'),
(829, 365, 'Question Category', 'https://www.learneron.net/category/vocational-skills-learning-to-do-eg-manufacturing-healthcare-social-assistance', 'Questions', 'questionCategory', NULL, NULL, NULL, NULL, 27, NULL, NULL, '2018-04-24 22:23:50'),
(830, 365, 'News Details', 'https://www.learneron.net/news/details/just-testing-news', 'News', 'details', 8, NULL, NULL, NULL, NULL, NULL, NULL, '2018-04-24 22:23:52'),
(831, 365, 'News Details', 'https://www.learneron.net/news/details/learneron-net-in-testing-mode', 'News', 'details', 7, NULL, NULL, NULL, NULL, NULL, NULL, '2018-04-24 22:23:54'),
(832, 365, 'Faqs', 'https://www.learneron.net/faqs', 'Sites', 'faqs', NULL, NULL, NULL, NULL, NULL, NULL, NULL, '2018-04-24 22:23:55'),
(833, 365, 'Most Viewed Question Listing', 'https://www.learneron.net/most-viewed-questions', 'Questions', 'mostViewedQuestions', NULL, NULL, NULL, NULL, NULL, NULL, NULL, '2018-04-24 22:23:59'),
(834, 365, 'Unanswered Question Listing', 'https://www.learneron.net/un-answered-questions', 'Questions', 'unAnsweredQuestions', NULL, NULL, NULL, NULL, NULL, NULL, NULL, '2018-04-24 22:24:01'),
(835, 2, 'Front Page', 'https://www.learneron.net/', 'Sites', 'homePage', NULL, NULL, NULL, NULL, NULL, NULL, NULL, '2018-04-25 00:07:45'),
(836, 329, 'Front Page', 'https://www.learneron.net/', 'Sites', 'homePage', NULL, NULL, NULL, NULL, NULL, NULL, NULL, '2018-04-25 00:31:57'),
(837, 366, 'Front Page', 'https://www.learneron.net/', 'Sites', 'homePage', NULL, NULL, NULL, NULL, NULL, NULL, NULL, '2018-04-25 01:07:10'),
(838, 367, 'Front Page', 'https://www.learneron.net/', 'Sites', 'homePage', NULL, NULL, NULL, NULL, NULL, NULL, NULL, '2018-04-25 01:56:22'),
(839, 14, 'Front Page', 'https://www.learneron.net/', 'Sites', 'homePage', NULL, NULL, NULL, NULL, NULL, NULL, NULL, '2018-04-25 02:45:10'),
(840, 368, 'Front Page', 'https://www.learneron.net/', 'Sites', 'homePage', NULL, NULL, NULL, NULL, NULL, NULL, NULL, '2018-04-25 04:41:31'),
(841, 154, 'Front Page', 'https://www.learneron.net/', 'Sites', 'homePage', NULL, NULL, NULL, NULL, NULL, NULL, NULL, '2018-04-25 05:00:26'),
(842, 156, 'Front Page', 'https://www.learneron.net/', 'Sites', 'homePage', NULL, NULL, NULL, NULL, NULL, NULL, NULL, '2018-04-25 05:00:34'),
(843, 369, 'Front Page', 'https://www.learneron.net/', 'Sites', 'homePage', NULL, NULL, NULL, NULL, NULL, NULL, NULL, '2018-04-25 05:24:44'),
(844, 370, 'Front Page', 'https://www.learneron.net/', 'Sites', 'homePage', NULL, NULL, NULL, NULL, NULL, NULL, NULL, '2018-04-25 06:28:00'),
(845, 361, 'Front Page', 'https://www.learneron.net/', 'Sites', 'homePage', NULL, NULL, NULL, NULL, NULL, NULL, NULL, '2018-04-25 06:56:37'),
(846, 2, 'Unanswered Question Listing', 'https://www.learneron.net/un-answered-questions', 'Questions', 'unAnsweredQuestions', NULL, NULL, NULL, NULL, NULL, NULL, NULL, '2018-04-25 07:18:24'),
(847, 10, 'Front Page', 'https://www.learneron.net/', 'Sites', 'homePage', NULL, NULL, NULL, NULL, NULL, NULL, NULL, '2018-04-25 08:48:21'),
(848, 371, 'Front Page', 'https://www.learneron.net/', 'Sites', 'homePage', NULL, NULL, NULL, NULL, NULL, NULL, NULL, '2018-04-25 09:34:23'),
(849, 372, 'Users Listing', 'https://www.learneron.net/users/all-users', 'Users', 'allUsers', NULL, NULL, NULL, NULL, NULL, NULL, NULL, '2018-04-25 17:13:48'),
(850, 373, 'Front Page', 'https://www.learneron.net/', 'Sites', 'homePage', NULL, NULL, NULL, NULL, NULL, NULL, NULL, '2018-04-25 17:28:01'),
(851, 374, 'Front Page', 'https://www.learneron.net/', 'Sites', 'homePage', NULL, NULL, NULL, NULL, NULL, NULL, NULL, '2018-04-25 19:06:26'),
(852, 374, 'Question Details', 'https://www.learneron.net/questions/details/OA==', 'Questions', 'details', NULL, NULL, NULL, 8, NULL, NULL, NULL, '2018-04-25 19:06:51'),
(853, 374, 'Question Details', 'https://www.learneron.net/questions/details/OQ==', 'Questions', 'details', NULL, NULL, NULL, 9, NULL, NULL, NULL, '2018-04-25 19:06:54'),
(854, 375, 'Users Listing', 'https://www.learneron.net/users/all-users', 'Users', 'allUsers', NULL, NULL, NULL, NULL, NULL, NULL, NULL, '2018-04-25 23:11:15'),
(855, 10, 'Front Page', 'https://www.learneron.net/', 'Sites', 'homePage', NULL, NULL, NULL, NULL, NULL, NULL, NULL, '2018-04-26 00:59:26'),
(856, 156, 'Front Page', 'https://www.learneron.net/', 'Sites', 'homePage', NULL, NULL, NULL, NULL, NULL, NULL, NULL, '2018-04-26 01:56:20'),
(857, 153, 'Front Page', 'https://www.learneron.net/', 'Sites', 'homePage', NULL, NULL, NULL, NULL, NULL, NULL, NULL, '2018-04-26 01:57:04'),
(858, 14, 'Front Page', 'https://www.learneron.net/', 'Sites', 'homePage', NULL, NULL, NULL, NULL, NULL, NULL, NULL, '2018-04-26 02:46:03'),
(859, 371, 'Front Page', 'https://www.learneron.net/', 'Sites', 'homePage', NULL, NULL, NULL, NULL, NULL, NULL, NULL, '2018-04-26 05:01:09'),
(860, 154, 'Front Page', 'https://www.learneron.net/', 'Sites', 'homePage', NULL, NULL, NULL, NULL, NULL, NULL, NULL, '2018-04-26 06:28:58'),
(861, 2, 'Front Page', 'https://www.learneron.net/', 'Sites', 'homePage', NULL, NULL, NULL, NULL, NULL, NULL, NULL, '2018-04-26 06:40:57'),
(862, 376, 'Front Page', 'https://www.learneron.net/', 'Sites', 'homePage', NULL, NULL, NULL, NULL, NULL, NULL, NULL, '2018-04-26 07:52:21'),
(863, 158, 'Front Page', 'https://www.learneron.net/', 'Sites', 'homePage', NULL, NULL, NULL, NULL, NULL, NULL, NULL, '2018-04-26 12:12:13'),
(864, 169, 'Front Page', 'https://www.learneron.net/', 'Sites', 'homePage', NULL, NULL, NULL, NULL, NULL, NULL, NULL, '2018-04-26 12:12:14'),
(865, 159, 'Front Page', 'https://www.learneron.net/', 'Sites', 'homePage', NULL, NULL, NULL, NULL, NULL, NULL, NULL, '2018-04-26 12:12:16'),
(866, 377, 'Front Page', 'https://www.learneron.net/', 'Sites', 'homePage', NULL, NULL, NULL, NULL, NULL, NULL, NULL, '2018-04-26 12:38:07'),
(867, 378, 'Front Page', 'https://www.learneron.net/', 'Sites', 'homePage', NULL, NULL, NULL, NULL, NULL, NULL, NULL, '2018-04-26 18:40:31'),
(868, 8, 'Front Page', 'https://www.learneron.net/', 'Sites', 'homePage', NULL, NULL, NULL, NULL, NULL, NULL, NULL, '2018-04-26 20:54:16'),
(869, 357, 'Front Page', 'https://www.learneron.net/', 'Sites', 'homePage', NULL, NULL, NULL, NULL, NULL, NULL, NULL, '2018-04-26 22:03:34'),
(870, 379, 'Front Page', 'https://www.learneron.net/', 'Sites', 'homePage', NULL, NULL, NULL, NULL, NULL, NULL, NULL, '2018-04-27 00:14:46'),
(871, 2, 'Front Page', 'https://www.learneron.net/', 'Sites', 'homePage', NULL, NULL, NULL, NULL, NULL, NULL, NULL, '2018-04-27 00:59:38'),
(872, 14, 'Front Page', 'https://www.learneron.net/', 'Sites', 'homePage', NULL, NULL, NULL, NULL, NULL, NULL, NULL, '2018-04-27 01:01:21'),
(873, 156, 'Front Page', 'https://www.learneron.net/', 'Sites', 'homePage', NULL, NULL, NULL, NULL, NULL, NULL, NULL, '2018-04-27 02:33:41'),
(874, 23, 'Front Page', 'https://www.learneron.net/', 'Sites', 'homePage', NULL, NULL, NULL, NULL, NULL, NULL, NULL, '2018-04-27 03:32:23'),
(875, 154, 'Front Page', 'https://www.learneron.net/', 'Sites', 'homePage', NULL, NULL, NULL, NULL, NULL, NULL, NULL, '2018-04-27 04:06:22'),
(876, 208, 'Front Page', 'https://www.learneron.net/', 'Sites', 'homePage', NULL, NULL, NULL, NULL, NULL, NULL, NULL, '2018-04-27 05:26:57'),
(877, 213, 'Front Page', 'https://www.learneron.net/', 'Sites', 'homePage', NULL, NULL, NULL, NULL, NULL, NULL, NULL, '2018-04-27 05:27:41'),
(878, 10, 'Front Page', 'https://www.learneron.net/', 'Sites', 'homePage', NULL, NULL, NULL, NULL, NULL, NULL, NULL, '2018-04-27 07:12:43'),
(879, 8, 'Front Page', 'https://www.learneron.net/', 'Sites', 'homePage', NULL, NULL, NULL, NULL, NULL, NULL, NULL, '2018-04-27 11:41:20'),
(880, 380, 'Front Page', 'https://www.learneron.net/', 'Sites', 'homePage', NULL, NULL, NULL, NULL, NULL, NULL, NULL, '2018-04-27 13:56:43'),
(881, 209, 'Front Page', 'https://www.learneron.net/', 'Sites', 'homePage', NULL, NULL, NULL, NULL, NULL, NULL, NULL, '2018-04-27 15:43:53'),
(882, 378, 'Front Page', 'https://www.learneron.net/', 'Sites', 'homePage', NULL, NULL, NULL, NULL, NULL, NULL, NULL, '2018-04-27 20:52:16'),
(883, 170, 'Front Page', 'https://www.learneron.net/', 'Sites', 'homePage', NULL, NULL, NULL, NULL, NULL, NULL, NULL, '2018-04-27 22:37:27'),
(884, 132, 'Faqs', 'https://www.learneron.net/faqs', 'Sites', 'faqs', NULL, NULL, NULL, NULL, NULL, NULL, NULL, '2018-04-27 23:43:50'),
(885, 14, 'Front Page', 'https://www.learneron.net/', 'Sites', 'homePage', NULL, NULL, NULL, NULL, NULL, NULL, NULL, '2018-04-28 00:11:49'),
(886, 270, 'Front Page', 'https://www.learneron.net/', 'Sites', 'homePage', NULL, NULL, NULL, NULL, NULL, NULL, NULL, '2018-04-28 03:42:22'),
(887, 381, 'Front Page', 'https://www.learneron.net/', 'Sites', 'homePage', NULL, NULL, NULL, NULL, NULL, NULL, NULL, '2018-04-28 04:24:09'),
(888, 10, 'Front Page', 'https://www.learneron.net/', 'Sites', 'homePage', NULL, NULL, NULL, NULL, NULL, NULL, NULL, '2018-04-28 06:09:53'),
(889, 382, 'Front Page', 'https://www.learneron.net/', 'Sites', 'homePage', NULL, NULL, NULL, NULL, NULL, NULL, NULL, '2018-04-28 07:01:24'),
(890, 28, 'Front Page', 'https://www.learneron.net/', 'Sites', 'homePage', NULL, NULL, NULL, NULL, NULL, NULL, NULL, '2018-04-28 07:06:18'),
(891, 383, 'Front Page', 'https://www.learneron.net/', 'Sites', 'homePage', NULL, NULL, NULL, NULL, NULL, NULL, NULL, '2018-04-28 10:14:28'),
(892, 2, 'Front Page', 'https://www.learneron.net/', 'Sites', 'homePage', NULL, NULL, NULL, NULL, NULL, NULL, NULL, '2018-04-28 12:21:10'),
(893, 156, 'Front Page', 'https://www.learneron.net/', 'Sites', 'homePage', NULL, NULL, NULL, NULL, NULL, NULL, NULL, '2018-04-28 16:43:45'),
(894, 154, 'Front Page', 'https://www.learneron.net/', 'Sites', 'homePage', NULL, NULL, NULL, NULL, NULL, NULL, NULL, '2018-04-28 16:44:37'),
(895, 384, 'Front Page', 'https://www.learneron.net/', 'Sites', 'homePage', NULL, NULL, NULL, NULL, NULL, NULL, NULL, '2018-04-28 16:52:38'),
(896, 153, 'Front Page', 'https://www.learneron.net/', 'Sites', 'homePage', NULL, NULL, NULL, NULL, NULL, NULL, NULL, '2018-04-28 18:01:33'),
(897, 385, 'Front Page', 'https://www.learneron.net/', 'Sites', 'homePage', NULL, NULL, NULL, NULL, NULL, NULL, NULL, '2018-04-28 18:35:21'),
(898, 279, 'Front Page', 'https://www.learneron.net/', 'Sites', 'homePage', NULL, NULL, NULL, NULL, NULL, NULL, NULL, '2018-04-28 20:48:55'),
(899, 378, 'Front Page', 'https://www.learneron.net/', 'Sites', 'homePage', NULL, NULL, NULL, NULL, NULL, NULL, NULL, '2018-04-28 20:56:24'),
(900, 91, 'Front Page', 'https://www.learneron.net/', 'Sites', 'homePage', NULL, NULL, NULL, NULL, NULL, NULL, NULL, '2018-04-28 21:11:37'),
(901, 2, 'Front Page', 'https://www.learneron.net/', 'Sites', 'homePage', NULL, NULL, NULL, NULL, NULL, NULL, NULL, '2018-04-29 00:41:45'),
(902, 386, 'Front Page', 'https://www.learneron.net/', 'Sites', 'homePage', NULL, NULL, NULL, NULL, NULL, NULL, NULL, '2018-04-29 03:20:54'),
(903, 387, 'Front Page', 'https://www.learneron.net/', 'Sites', 'homePage', NULL, NULL, NULL, NULL, NULL, NULL, NULL, '2018-04-29 03:20:54'),
(904, 388, 'Front Page', 'https://www.learneron.net/', 'Sites', 'homePage', NULL, NULL, NULL, NULL, NULL, NULL, NULL, '2018-04-29 03:29:19'),
(905, 7, 'Tag Listing', 'https://www.learneron.net/tags', 'Tags', 'index', NULL, NULL, NULL, NULL, NULL, NULL, NULL, '2018-04-29 04:32:26'),
(906, 389, 'Front Page', 'https://www.learneron.net/', 'Sites', 'homePage', NULL, NULL, NULL, NULL, NULL, NULL, NULL, '2018-04-29 06:36:01'),
(907, 389, 'About Us', 'https://www.learneron.net/about-us', 'Sites', 'aboutUs', NULL, NULL, NULL, NULL, NULL, NULL, NULL, '2018-04-29 06:36:25'),
(908, 389, 'Question Details', 'https://www.learneron.net/questions/details/OQ%3D%3D', 'Questions', 'details', NULL, NULL, NULL, 9, NULL, NULL, NULL, '2018-04-29 06:37:07'),
(909, 390, 'Front Page', 'https://www.learneron.net/', 'Sites', 'homePage', NULL, NULL, NULL, NULL, NULL, NULL, NULL, '2018-04-29 07:51:59'),
(910, 391, 'About Us', 'https://www.learneron.net/about-us', 'Sites', 'aboutUs', NULL, NULL, NULL, NULL, NULL, NULL, NULL, '2018-04-29 07:54:59'),
(911, 392, 'Question Details', 'https://www.learneron.net/questions/details/OQ%3D%3D', 'Questions', 'details', NULL, NULL, NULL, 9, NULL, NULL, NULL, '2018-04-29 07:55:16'),
(912, 10, 'Front Page', 'https://www.learneron.net/', 'Sites', 'homePage', NULL, NULL, NULL, NULL, NULL, NULL, NULL, '2018-04-29 08:01:54'),
(913, 156, 'Front Page', 'https://www.learneron.net/', 'Sites', 'homePage', NULL, NULL, NULL, NULL, NULL, NULL, NULL, '2018-04-29 10:20:33'),
(914, 154, 'Front Page', 'https://www.learneron.net/', 'Sites', 'homePage', NULL, NULL, NULL, NULL, NULL, NULL, NULL, '2018-04-29 10:20:40'),
(915, 14, 'Front Page', 'https://www.learneron.net/', 'Sites', 'homePage', NULL, NULL, NULL, NULL, NULL, NULL, NULL, '2018-04-29 11:11:33'),
(916, 393, 'Front Page', 'https://www.learneron.net/', 'Sites', 'homePage', NULL, NULL, NULL, NULL, NULL, NULL, NULL, '2018-04-29 14:14:04'),
(917, 394, 'Front Page', 'https://www.learneron.net/', 'Sites', 'homePage', NULL, NULL, NULL, NULL, NULL, NULL, NULL, '2018-04-29 14:14:04'),
(918, 395, 'Front Page', 'https://www.learneron.net/', 'Sites', 'homePage', NULL, NULL, NULL, NULL, NULL, NULL, NULL, '2018-04-29 19:03:58'),
(919, 395, 'Faqs', 'https://www.learneron.net/faqs', 'Sites', 'faqs', NULL, NULL, NULL, NULL, NULL, NULL, NULL, '2018-04-29 21:21:26'),
(920, 395, 'Terms and Conditions', 'https://www.learneron.net/terms-of-use', 'Sites', 'termsAndConditions', NULL, NULL, NULL, NULL, NULL, NULL, NULL, '2018-04-29 21:22:06'),
(921, 130, 'Front Page', 'https://www.learneron.net/', 'Sites', 'homePage', NULL, NULL, NULL, NULL, NULL, NULL, NULL, '2018-04-29 23:27:15'),
(922, 396, 'Front Page', 'https://www.learneron.net/', 'Sites', 'homePage', NULL, NULL, NULL, NULL, NULL, NULL, NULL, '2018-04-29 23:27:15'),
(923, 267, 'Faqs', 'https://www.learneron.net/faqs', 'Sites', 'faqs', NULL, NULL, NULL, NULL, NULL, NULL, NULL, '2018-04-29 23:28:47'),
(924, 154, 'Front Page', 'https://www.learneron.net/', 'Sites', 'homePage', NULL, NULL, NULL, NULL, NULL, NULL, NULL, '2018-04-30 05:16:06'),
(925, 156, 'Front Page', 'https://www.learneron.net/', 'Sites', 'homePage', NULL, NULL, NULL, NULL, NULL, NULL, NULL, '2018-04-30 05:16:22'),
(926, 23, 'Front Page', 'https://www.learneron.net/', 'Sites', 'homePage', NULL, NULL, NULL, NULL, NULL, NULL, NULL, '2018-04-30 06:10:42'),
(927, 154, 'Question Category', 'https://www.learneron.net/category/hard-skills-learning-to-know-eg-math-coding-data-science', 'Questions', 'questionCategory', NULL, NULL, NULL, NULL, 28, NULL, NULL, '2018-04-30 06:50:08'),
(928, 397, 'Front Page', 'https://www.learneron.net/', 'Sites', 'homePage', NULL, NULL, NULL, NULL, NULL, NULL, NULL, '2018-04-30 16:30:00');

/*!40101 SET CHARACTER_SET_CLIENT=@OLD_CHARACTER_SET_CLIENT */;
/*!40101 SET CHARACTER_SET_RESULTS=@OLD_CHARACTER_SET_RESULTS */;
/*!40101 SET COLLATION_CONNECTION=@OLD_COLLATION_CONNECTION */;
